"id","name","content","qty","created_at","updated_at","image__url","image__thumb__url","price_net_buy","price_net_sell","product_index","buy_number","length","gramature","structure","color","product_kind"
"68","Włosy Słowiańskie pod keratynę","Włosy Słowiańskie pod keratynę, 40, #1","675","2019-07-22T07:54:06.501Z","2019-07-22T07:54:06.501Z","null","null","null","4.46","null","null","40.0","0.5","proste podatne","#1","włosy"
"69","Włosy Słowiańskie pod keratynę","Włosy Słowiańskie pod keratynę, 40, #1b","200","2019-07-22T07:54:06.530Z","2019-07-22T07:54:06.530Z","null","null","null","4.46","null","null","40.0","0.5","proste podatne","#1b","włosy"
"70","Włosy Słowiańskie pod keratynę","Włosy Słowiańskie pod keratynę, 40, #2","4175","2019-07-22T07:54:06.538Z","2019-07-22T07:54:06.538Z","null","null","null","4.46","null","null","40.0","0.5","proste podatne","#2","włosy"
"71","Włosy Słowiańskie pod keratynę","Włosy Słowiańskie pod keratynę, 45, #2","50","2019-07-22T07:54:06.546Z","2019-07-22T07:54:06.546Z","null","null","null","4.46","null","null","45.0","0.5","proste podatne","#2","włosy"
"72","Włosy Słowiańskie pod keratynę","Włosy Słowiańskie pod keratynę, 40, #4","975","2019-07-22T07:54:06.555Z","2019-07-22T07:54:06.555Z","null","null","null","4.46","null","null","40.0","0.5","proste podatne","#4","włosy"
"73","Włosy Słowiańskie pod keratynę","Włosy Słowiańskie pod keratynę, 40, #6","0","2019-07-22T07:54:06.563Z","2019-07-22T07:54:06.563Z","null","null","null","4.46","null","null","40.0","0.5","proste podatne","#6","włosy"
"74","Włosy Słowiańskie pod keratynę","Włosy Słowiańskie pod keratynę, 40, #8","2275","2019-07-22T07:54:06.572Z","2019-07-22T07:54:06.572Z","null","null","null","4.46","null","null","40.0","0.5","proste podatne","#8","włosy"
"75","Włosy Słowiańskie pod keratynę","Włosy Słowiańskie pod keratynę, 40, #10","100","2019-07-22T07:54:06.580Z","2019-07-22T07:54:06.580Z","null","null","null","4.46","null","null","40.0","0.5","proste podatne","#10","włosy"
"76","Włosy Słowiańskie pod keratynę","Włosy Słowiańskie pod keratynę, 40, #12","425","2019-07-22T07:54:06.589Z","2019-07-22T07:54:06.589Z","null","null","null","4.46","null","null","40.0","0.5","proste podatne","#12","włosy"
"77","Włosy Słowiańskie pod keratynę","Włosy Słowiańskie pod keratynę, 40, #16","975","2019-07-22T07:54:06.597Z","2019-07-22T07:54:06.597Z","null","null","null","4.46","null","null","40.0","0.5","proste podatne","#16","włosy"
"78","Włosy Słowiańskie pod keratynę","Włosy Słowiańskie pod keratynę, 40, #18","1525","2019-07-22T07:54:06.605Z","2019-07-22T07:54:06.605Z","null","null","null","4.46","null","null","40.0","0.5","proste podatne","#18","włosy"
"79","Włosy Słowiańskie pod keratynę","Włosy Słowiańskie pod keratynę, 40, #20","2175","2019-07-22T07:54:06.613Z","2019-07-22T07:54:06.613Z","null","null","null","4.46","null","null","40.0","0.5","proste podatne","#20","włosy"
"80","Włosy Słowiańskie pod keratynę","Włosy Słowiańskie pod keratynę, 40, #22","650","2019-07-22T07:54:06.622Z","2019-07-22T07:54:06.622Z","null","null","null","4.46","null","null","40.0","0.5","proste podatne","#22","włosy"
"81","Włosy Słowiańskie pod keratynę","Włosy Słowiańskie pod keratynę, 40, #24","500","2019-07-22T07:54:06.630Z","2019-07-22T07:54:06.630Z","null","null","null","4.46","null","null","40.0","0.5","proste podatne","#24","włosy"
"82","Włosy Słowiańskie pod keratynę","Włosy Słowiańskie pod keratynę, 40, #27","1450","2019-07-22T07:54:06.639Z","2019-07-22T07:54:06.639Z","null","null","null","4.46","null","null","40.0","0.5","proste podatne","#27","włosy"
"83","Włosy Słowiańskie pod keratynę","Włosy Słowiańskie pod keratynę, 40, #613","25","2019-07-22T07:54:06.647Z","2019-07-22T07:54:06.647Z","null","null","null","4.46","null","null","40.0","0.5","proste podatne","#613","włosy"
"84","Włosy Słowiańskie pod keratynę","Włosy Słowiańskie pod keratynę, 40, #30","300","2019-07-22T07:54:06.656Z","2019-07-22T07:54:06.656Z","null","null","null","4.46","null","null","40.0","0.5","proste podatne","#30","włosy"
"85","Włosy Słowiańskie pod keratynę","Włosy Słowiańskie pod keratynę, 40, #33","275","2019-07-22T07:54:06.663Z","2019-07-22T07:54:06.663Z","null","null","null","4.46","null","null","40.0","0.5","proste podatne","#33","włosy"
"86","Włosy Słowiańskie pod keratynę","Włosy Słowiańskie pod keratynę, 40, #130","500","2019-07-22T07:54:06.672Z","2019-07-22T07:54:06.672Z","null","null","null","4.46","null","null","40.0","0.5","proste podatne","#130","włosy"
"87","Włosy Słowiańskie pod keratynę","Włosy Słowiańskie pod keratynę, 40, #60","2075","2019-07-22T07:54:06.680Z","2019-07-22T07:54:06.680Z","null","null","null","4.46","null","null","40.0","0.5","proste podatne","#60","włosy"
"88","Włosy Słowiańskie pod keratynę","Włosy Słowiańskie pod keratynę, 40, #PM","2800","2019-07-22T07:54:06.689Z","2019-07-22T07:54:06.689Z","null","null","null","4.46","null","null","40.0","0.5","proste podatne","#PM","włosy"
"89","Włosy Słowiańskie pod keratynę","Włosy Słowiańskie pod keratynę, 40, #PB","2125","2019-07-22T07:54:06.697Z","2019-07-22T07:54:06.697Z","null","null","null","4.46","null","null","40.0","0.5","proste podatne","#PB","włosy"
"90","Włosy Słowiańskie pod keratynę","Włosy Słowiańskie pod keratynę, 51, #1","2700","2019-07-22T07:54:06.705Z","2019-07-22T07:54:06.705Z","null","null","null","5.68","null","null","51.0","0.7","proste podatne","#1","włosy"
"91","Włosy Słowiańskie pod keratynę","Włosy Słowiańskie pod keratynę, 51, #1b","1200","2019-07-22T07:54:06.714Z","2019-07-22T07:54:06.714Z","null","null","null","5.68","null","null","51.0","0.7","proste podatne","#1b","włosy"
"92","Włosy Słowiańskie pod keratynę","Włosy Słowiańskie pod keratynę, 51, #2","0","2019-07-22T07:54:06.722Z","2019-07-22T07:54:06.722Z","null","null","null","5.68","null","null","51.0","0.7","proste podatne","#2","włosy"
"93","Włosy Słowiańskie pod keratynę","Włosy Słowiańskie pod keratynę, 51, #4","525","2019-07-22T07:54:06.730Z","2019-07-22T07:54:06.730Z","null","null","null","5.68","null","null","51.0","0.7","proste podatne","#4","włosy"
"94","Włosy Słowiańskie pod keratynę","Włosy Słowiańskie pod keratynę, 51, #6","125","2019-07-22T07:54:06.738Z","2019-07-22T07:54:06.738Z","null","null","null","5.68","null","null","51.0","0.7","proste podatne","#6","włosy"
"95","Włosy Słowiańskie pod keratynę","Włosy Słowiańskie pod keratynę, 51, #8","1600","2019-07-22T07:54:06.747Z","2019-07-22T07:54:06.747Z","null","null","null","5.68","null","null","51.0","0.7","proste podatne","#8","włosy"
"96","Włosy Słowiańskie pod keratynę","Włosy Słowiańskie pod keratynę, 51, #10","425","2019-07-22T07:54:06.755Z","2019-07-22T07:54:06.755Z","null","null","null","5.68","null","null","51.0","0.7","proste podatne","#10","włosy"
"97","Włosy Słowiańskie pod keratynę","Włosy Słowiańskie pod keratynę, 51, #12","400","2019-07-22T07:54:06.763Z","2019-07-22T07:54:06.763Z","null","null","null","5.68","null","null","51.0","0.7","proste podatne","#12","włosy"
"98","Włosy Słowiańskie pod keratynę","Włosy Słowiańskie pod keratynę, 51, #16","0","2019-07-22T07:54:06.772Z","2019-07-22T07:54:06.772Z","null","null","null","5.68","null","null","51.0","0.7","proste podatne","#16","włosy"
"99","Włosy Słowiańskie pod keratynę","Włosy Słowiańskie pod keratynę, 51, #18","975","2019-07-22T07:54:06.780Z","2019-07-22T07:54:06.780Z","null","null","null","5.68","null","null","51.0","0.7","proste podatne","#18","włosy"
"100","Włosy Słowiańskie pod keratynę","Włosy Słowiańskie pod keratynę, 51, #20","400","2019-07-22T07:54:06.788Z","2019-07-22T07:54:06.788Z","null","null","null","5.68","null","null","51.0","0.7","proste podatne","#20","włosy"
"101","Włosy Słowiańskie pod keratynę","Włosy Słowiańskie pod keratynę, 51, #18/22","825","2019-07-22T07:54:06.796Z","2019-07-22T07:54:06.796Z","null","null","null","5.68","null","null","51.0","0.7","proste podatne","#18/22","włosy"
"102","Włosy Słowiańskie pod keratynę","Włosy Słowiańskie pod keratynę, 51, #22","750","2019-07-22T07:54:06.805Z","2019-07-22T07:54:06.805Z","null","null","null","5.68","null","null","51.0","0.7","proste podatne","#22","włosy"
"103","Włosy Słowiańskie pod keratynę","Włosy Słowiańskie pod keratynę, 51, #24","1375","2019-07-22T07:54:06.813Z","2019-07-22T07:54:06.813Z","null","null","null","5.68","null","null","51.0","0.7","proste podatne","#24","włosy"
"104","Włosy Słowiańskie pod keratynę","Włosy Słowiańskie pod keratynę, 51, #27","125","2019-07-22T07:54:06.821Z","2019-07-22T07:54:06.821Z","null","null","null","5.68","null","null","51.0","0.7","proste podatne","#27","włosy"
"105","Włosy Słowiańskie pod keratynę","Włosy Słowiańskie pod keratynę, 51, #613","900","2019-07-22T07:54:06.830Z","2019-07-22T07:54:06.830Z","null","null","null","5.68","null","null","51.0","0.7","proste podatne","#613","włosy"
"106","Włosy Słowiańskie pod keratynę","Włosy Słowiańskie pod keratynę, 51, #30","475","2019-07-22T07:54:06.839Z","2019-07-22T07:54:06.839Z","null","null","null","5.68","null","null","51.0","0.7","proste podatne","#30","włosy"
"107","Włosy Słowiańskie pod keratynę","Włosy Słowiańskie pod keratynę, 51, #33","250","2019-07-22T07:54:06.847Z","2019-07-22T07:54:06.847Z","null","null","null","5.68","null","null","51.0","0.7","proste podatne","#33","włosy"
"108","Włosy Słowiańskie pod keratynę","Włosy Słowiańskie pod keratynę, 51, #130","175","2019-07-22T07:54:06.854Z","2019-07-22T07:54:06.854Z","null","null","null","5.68","null","null","51.0","0.7","proste podatne","#130","włosy"
"357","Eliksir Beauty for You","Eliksir Beauty for You","600","2019-07-22T08:10:02.366Z","2019-07-22T08:10:02.366Z","null","null","null","39.0","null","null","null","null","null","null","kosmetyki"
"109","Włosy Słowiańskie pod keratynę","Włosy Słowiańskie pod keratynę, 51, #60","1475","2019-07-22T07:54:06.864Z","2019-07-22T07:54:06.864Z","null","null","null","5.68","null","null","51.0","0.7","proste podatne","#60","włosy"
"110","Włosy Słowiańskie pod keratynę","Włosy Słowiańskie pod keratynę, 51, #PM","2950","2019-07-22T07:54:06.871Z","2019-07-22T07:54:06.871Z","null","null","null","5.68","null","null","51.0","0.7","proste podatne","#PM","włosy"
"111","Włosy Słowiańskie pod keratynę","Włosy Słowiańskie pod keratynę, 51, #PB","2500","2019-07-22T07:54:06.880Z","2019-07-22T07:54:06.880Z","null","null","null","5.68","null","null","51.0","0.7","proste podatne","#PB","włosy"
"112","Włosy Słowiańskie pod keratynę","Włosy Słowiańskie pod keratynę, 61, #1","2000","2019-07-22T07:54:06.888Z","2019-07-22T07:54:06.888Z","null","null","null","7.31","null","null","61.0","0.8","proste podatne","#1","włosy"
"113","Włosy Słowiańskie pod keratynę","Włosy Słowiańskie pod keratynę, 61, #1b","1875","2019-07-22T07:54:06.898Z","2019-07-22T07:54:06.898Z","null","null","null","7.31","null","null","61.0","0.8","proste podatne","#1b","włosy"
"114","Włosy Słowiańskie pod keratynę","Włosy Słowiańskie pod keratynę, 61, #2","1125","2019-07-22T07:54:06.905Z","2019-07-22T07:54:06.905Z","null","null","null","7.31","null","null","61.0","0.8","proste podatne","#2","włosy"
"115","Włosy Słowiańskie pod keratynę","Włosy Słowiańskie pod keratynę, 61, #4","1325","2019-07-22T07:54:06.913Z","2019-07-22T07:54:06.913Z","null","null","null","7.31","null","null","61.0","0.8","proste podatne","#4","włosy"
"116","Włosy Słowiańskie pod keratynę","Włosy Słowiańskie pod keratynę, 61, #6","825","2019-07-22T07:54:06.922Z","2019-07-22T07:54:06.922Z","null","null","null","7.31","null","null","61.0","0.8","proste podatne","#6","włosy"
"117","Włosy Słowiańskie pod keratynę","Włosy Słowiańskie pod keratynę, 61, #8","375","2019-07-22T07:54:06.932Z","2019-07-22T07:54:06.932Z","null","null","null","7.31","null","null","61.0","0.8","proste podatne","#8","włosy"
"118","Włosy Słowiańskie pod keratynę","Włosy Słowiańskie pod keratynę, 61, #10","225","2019-07-22T07:54:06.938Z","2019-07-22T07:54:06.938Z","null","null","null","7.31","null","null","61.0","0.8","proste podatne","#10","włosy"
"119","Włosy Słowiańskie pod keratynę","Włosy Słowiańskie pod keratynę, 61, #12","275","2019-07-22T07:54:06.947Z","2019-07-22T07:54:06.947Z","null","null","null","7.31","null","null","61.0","0.8","proste podatne","#12","włosy"
"120","Włosy Słowiańskie pod keratynę","Włosy Słowiańskie pod keratynę, 61, #16","175","2019-07-22T07:54:06.955Z","2019-07-22T07:54:06.955Z","null","null","null","7.31","null","null","61.0","0.8","proste podatne","#16","włosy"
"121","Włosy Słowiańskie pod keratynę","Włosy Słowiańskie pod keratynę, 61, #18","1425","2019-07-22T07:54:06.964Z","2019-07-22T07:54:06.964Z","null","null","null","7.31","null","null","61.0","0.8","proste podatne","#18","włosy"
"122","Włosy Słowiańskie pod keratynę","Włosy Słowiańskie pod keratynę, 61, #20","500","2019-07-22T07:54:06.972Z","2019-07-22T07:54:06.972Z","null","null","null","7.31","null","null","61.0","0.8","proste podatne","#20","włosy"
"123","Włosy Słowiańskie pod keratynę","Włosy Słowiańskie pod keratynę, 61, #18/22","425","2019-07-22T07:54:06.980Z","2019-07-22T07:54:06.980Z","null","null","null","7.31","null","null","61.0","0.8","proste podatne","#18/22","włosy"
"124","Włosy Słowiańskie pod keratynę","Włosy Słowiańskie pod keratynę, 61, #22","1625","2019-07-22T07:54:06.988Z","2019-07-22T07:54:06.988Z","null","null","null","7.31","null","null","61.0","0.8","proste podatne","#22","włosy"
"125","Włosy Słowiańskie pod keratynę","Włosy Słowiańskie pod keratynę, 61, #24","775","2019-07-22T07:54:06.997Z","2019-07-22T07:54:06.997Z","null","null","null","7.31","null","null","61.0","0.8","proste podatne","#24","włosy"
"126","Włosy Słowiańskie pod keratynę","Włosy Słowiańskie pod keratynę, 61, #27","850","2019-07-22T07:54:07.005Z","2019-07-22T07:54:07.005Z","null","null","null","7.31","null","null","61.0","0.8","proste podatne","#27","włosy"
"127","Włosy Słowiańskie pod keratynę","Włosy Słowiańskie pod keratynę, 61, #613","1575","2019-07-22T07:54:07.013Z","2019-07-22T07:54:07.013Z","null","null","null","7.31","null","null","61.0","0.8","proste podatne","#613","włosy"
"128","Włosy Słowiańskie pod keratynę","Włosy Słowiańskie pod keratynę, 61, #30","0","2019-07-22T07:54:07.022Z","2019-07-22T07:54:07.022Z","null","null","null","7.31","null","null","61.0","0.8","proste podatne","#30","włosy"
"129","Włosy Słowiańskie pod keratynę","Włosy Słowiańskie pod keratynę, 61, #33","0","2019-07-22T07:54:07.030Z","2019-07-22T07:54:07.030Z","null","null","null","7.31","null","null","61.0","0.8","proste podatne","#33","włosy"
"130","Włosy Słowiańskie pod keratynę","Włosy Słowiańskie pod keratynę, 61, #130","0","2019-07-22T07:54:07.038Z","2019-07-22T07:54:07.038Z","null","null","null","7.31","null","null","61.0","0.8","proste podatne","#130","włosy"
"131","Włosy Słowiańskie pod keratynę","Włosy Słowiańskie pod keratynę, 61, #60","875","2019-07-22T07:54:07.047Z","2019-07-22T07:54:07.047Z","null","null","null","7.31","null","null","61.0","0.8","proste podatne","#60","włosy"
"132","Włosy Słowiańskie pod keratynę","Włosy Słowiańskie pod keratynę, 61, #PM","600","2019-07-22T07:54:07.056Z","2019-07-22T07:54:07.056Z","null","null","null","7.31","null","null","61.0","0.8","proste podatne","#PM","włosy"
"133","Włosy Słowiańskie pod keratynę","Włosy Słowiańskie pod keratynę, 61, #PB","1100","2019-07-22T07:54:07.063Z","2019-07-22T07:54:07.063Z","null","null","null","7.31","null","null","61.0","0.8","proste podatne","#PB","włosy"
"134","Włosy Słowiańskie pod keratynę","Włosy Słowiańskie pod keratynę, falowane, 55, #1","525","2019-07-22T07:54:07.071Z","2019-07-22T07:54:07.071Z","null","null","null","6.09","null","null","55.0","0.7","falowane","#1","włosy"
"135","Włosy Słowiańskie pod keratynę","Włosy Słowiańskie pod keratynę, falowane, 55, #1b","650","2019-07-22T07:54:07.081Z","2019-07-22T07:54:07.081Z","null","null","null","6.09","null","null","55.0","0.7","falowane","#1b","włosy"
"136","Włosy Słowiańskie pod keratynę","Włosy Słowiańskie pod keratynę, falowane, 55, #2","975","2019-07-22T07:54:07.089Z","2019-07-22T07:54:07.089Z","null","null","null","6.09","null","null","55.0","0.7","falowane","#2","włosy"
"137","Włosy Słowiańskie pod keratynę","Włosy Słowiańskie pod keratynę, falowane, 55, #4","750","2019-07-22T07:54:07.097Z","2019-07-22T07:54:07.097Z","null","null","null","6.09","null","null","55.0","0.7","falowane","#4","włosy"
"138","Włosy Słowiańskie pod keratynę","Włosy Słowiańskie pod keratynę, falowane, 55, #6","550","2019-07-22T07:54:07.105Z","2019-07-22T07:54:07.105Z","null","null","null","6.09","null","null","55.0","0.7","falowane","#6","włosy"
"139","Włosy Słowiańskie pod keratynę","Włosy Słowiańskie pod keratynę, falowane, 55, #8","675","2019-07-22T07:54:07.114Z","2019-07-22T07:54:07.114Z","null","null","null","6.09","null","null","55.0","0.7","falowane","#8","włosy"
"140","Włosy Słowiańskie pod keratynę","Włosy Słowiańskie pod keratynę, falowane, 55, #10","225","2019-07-22T07:54:07.122Z","2019-07-22T07:54:07.122Z","null","null","null","6.09","null","null","55.0","0.7","falowane","#10","włosy"
"141","Włosy Słowiańskie pod keratynę","Włosy Słowiańskie pod keratynę, falowane, 55, #12","250","2019-07-22T07:54:07.130Z","2019-07-22T07:54:07.130Z","null","null","null","6.09","null","null","55.0","0.7","falowane","#12","włosy"
"142","Włosy Słowiańskie pod keratynę","Włosy Słowiańskie pod keratynę, falowane, 55, #16","575","2019-07-22T07:54:07.139Z","2019-07-22T07:54:07.139Z","null","null","null","6.09","null","null","55.0","0.7","falowane","#16","włosy"
"143","Włosy Słowiańskie pod keratynę","Włosy Słowiańskie pod keratynę, falowane, 55, #18","425","2019-07-22T07:54:07.147Z","2019-07-22T07:54:07.147Z","null","null","null","6.09","null","null","55.0","0.7","falowane","#18","włosy"
"144","Włosy Słowiańskie pod keratynę","Włosy Słowiańskie pod keratynę, falowane, 55, #20","800","2019-07-22T07:54:07.155Z","2019-07-22T07:54:07.155Z","null","null","null","6.09","null","null","55.0","0.7","falowane","#20","włosy"
"145","Włosy Słowiańskie pod keratynę","Włosy Słowiańskie pod keratynę, falowane, 55, #18/22","775","2019-07-22T07:54:07.167Z","2019-07-22T07:54:07.167Z","null","null","null","6.09","null","null","55.0","0.7","falowane","#18/22","włosy"
"146","Włosy Słowiańskie pod keratynę","Włosy Słowiańskie pod keratynę, falowane, 55, #22","100","2019-07-22T07:54:07.180Z","2019-07-22T07:54:07.180Z","null","null","null","6.09","null","null","55.0","0.7","falowane","#22","włosy"
"147","Włosy Słowiańskie pod keratynę","Włosy Słowiańskie pod keratynę, falowane, 55, #24","1000","2019-07-22T07:54:07.190Z","2019-07-22T07:54:07.190Z","null","null","null","6.09","null","null","55.0","0.7","falowane","#24","włosy"
"148","Włosy Słowiańskie pod keratynę","Włosy Słowiańskie pod keratynę, falowane, 55, #27","0","2019-07-22T07:54:07.197Z","2019-07-22T07:54:07.197Z","null","null","null","6.09","null","null","55.0","0.7","falowane","#27","włosy"
"149","Włosy Słowiańskie pod keratynę","Włosy Słowiańskie pod keratynę, falowane, 55, #613","1925","2019-07-22T07:54:07.205Z","2019-07-22T07:54:07.205Z","null","null","null","6.09","null","null","55.0","0.7","falowane","#613","włosy"
"358","Peeling do skóry głowy","Peeling do skóry głowy","32","2019-07-22T08:10:02.373Z","2019-07-22T08:10:02.373Z","null","null","null","72.0","null","null","null","null","null","null","kosmetyki"
"150","Włosy Słowiańskie pod keratynę","Włosy Słowiańskie pod keratynę, falowane, 55, #30","150","2019-07-22T07:54:07.213Z","2019-07-22T07:54:07.213Z","null","null","null","6.09","null","null","55.0","0.7","falowane","#30","włosy"
"151","Włosy Słowiańskie pod keratynę","Włosy Słowiańskie pod keratynę, falowane, 55, #33","0","2019-07-22T07:54:07.221Z","2019-07-22T07:54:07.221Z","null","null","null","6.09","null","null","55.0","0.7","falowane","#33","włosy"
"152","Włosy Słowiańskie pod keratynę","Włosy Słowiańskie pod keratynę, falowane, 55, #130","0","2019-07-22T07:54:07.230Z","2019-07-22T07:54:07.230Z","null","null","null","6.09","null","null","55.0","0.7","falowane","#130","włosy"
"153","Włosy Słowiańskie pod keratynę","Włosy Słowiańskie pod keratynę, falowane, 55, #60","1225","2019-07-22T07:54:07.238Z","2019-07-22T07:54:07.238Z","null","null","null","6.09","null","null","55.0","0.7","falowane","#60","włosy"
"154","Włosy Słowiańskie pod keratynę","Włosy Słowiańskie pod keratynę, falowane, 55, #PB","0","2019-07-22T07:54:07.247Z","2019-07-22T07:54:07.247Z","null","null","null","6.09","null","null","55.0","0.7","falowane","#PB","włosy"
"155","Włosy Słowiańskie pod keratynę","Włosy Słowiańskie pod keratynę, kręcone, 55, #1","0","2019-07-22T07:54:07.255Z","2019-07-22T07:54:07.255Z","null","null","null","6.09","null","null","55.0","0.7","kręcone","#1","włosy"
"156","Włosy Słowiańskie pod keratynę","Włosy Słowiańskie pod keratynę, kręcone, 55, #1b","350","2019-07-22T07:54:07.263Z","2019-07-22T07:54:07.263Z","null","null","null","6.09","null","null","55.0","0.7","kręcone","#1b","włosy"
"157","Włosy Słowiańskie pod keratynę","Włosy Słowiańskie pod keratynę, kręcone, 55, #2","0","2019-07-22T07:54:07.271Z","2019-07-22T07:54:07.271Z","null","null","null","6.09","null","null","55.0","0.7","kręcone","#2","włosy"
"158","Włosy Słowiańskie pod keratynę","Włosy Słowiańskie pod keratynę, kręcone, 55, #4","400","2019-07-22T07:54:07.280Z","2019-07-22T07:54:07.280Z","null","null","null","6.09","null","null","55.0","0.7","kręcone","#4","włosy"
"159","Włosy Słowiańskie pod keratynę","Włosy Słowiańskie pod keratynę, kręcone, 55, #6","725","2019-07-22T07:54:07.288Z","2019-07-22T07:54:07.288Z","null","null","null","6.09","null","null","55.0","0.7","kręcone","#6","włosy"
"160","Włosy Słowiańskie pod keratynę","Włosy Słowiańskie pod keratynę, kręcone, 55, #8","650","2019-07-22T07:54:07.297Z","2019-07-22T07:54:07.297Z","null","null","null","6.09","null","null","55.0","0.7","kręcone","#8","włosy"
"161","Włosy Słowiańskie pod keratynę","Włosy Słowiańskie pod keratynę, kręcone, 55, #10","0","2019-07-22T07:54:07.305Z","2019-07-22T07:54:07.305Z","null","null","null","6.09","null","null","55.0","0.7","kręcone","#10","włosy"
"162","Włosy Słowiańskie pod keratynę","Włosy Słowiańskie pod keratynę, kręcone, 55, #12","0","2019-07-22T07:54:07.314Z","2019-07-22T07:54:07.314Z","null","null","null","6.09","null","null","55.0","0.7","kręcone","#12","włosy"
"163","Włosy Słowiańskie pod keratynę","Włosy Słowiańskie pod keratynę, kręcone, 55, #16","700","2019-07-22T07:54:07.322Z","2019-07-22T07:54:07.322Z","null","null","null","6.09","null","null","55.0","0.7","kręcone","#16","włosy"
"164","Włosy Słowiańskie pod keratynę","Włosy Słowiańskie pod keratynę, kręcone, 55, #18","450","2019-07-22T07:54:07.330Z","2019-07-22T07:54:07.330Z","null","null","null","6.09","null","null","55.0","0.7","kręcone","#18","włosy"
"165","Włosy Słowiańskie pod keratynę","Włosy Słowiańskie pod keratynę, kręcone, 55, #20","300","2019-07-22T07:54:07.339Z","2019-07-22T07:54:07.339Z","null","null","null","6.09","null","null","55.0","0.7","kręcone","#20","włosy"
"166","Włosy Słowiańskie pod keratynę","Włosy Słowiańskie pod keratynę, kręcone, 55, #18/22","0","2019-07-22T07:54:07.347Z","2019-07-22T07:54:07.347Z","null","null","null","6.09","null","null","55.0","0.7","kręcone","#18/22","włosy"
"167","Włosy Słowiańskie pod keratynę","Włosy Słowiańskie pod keratynę, kręcone, 55, #22","900","2019-07-22T07:54:07.355Z","2019-07-22T07:54:07.355Z","null","null","null","6.09","null","null","55.0","0.7","kręcone","#22","włosy"
"168","Włosy Słowiańskie pod keratynę","Włosy Słowiańskie pod keratynę, kręcone, 55, #24","1575","2019-07-22T07:54:07.364Z","2019-07-22T07:54:07.364Z","null","null","null","6.09","null","null","55.0","0.7","kręcone","#24","włosy"
"169","Włosy Słowiańskie pod keratynę","Włosy Słowiańskie pod keratynę, kręcone, 55, #27","0","2019-07-22T07:54:07.372Z","2019-07-22T07:54:07.372Z","null","null","null","6.09","null","null","55.0","0.7","kręcone","#27","włosy"
"170","Włosy Słowiańskie pod keratynę","Włosy Słowiańskie pod keratynę, kręcone, 55, #613","1075","2019-07-22T07:54:07.380Z","2019-07-22T07:54:07.380Z","null","null","null","6.09","null","null","55.0","0.7","kręcone","#613","włosy"
"171","Włosy Słowiańskie pod keratynę","Włosy Słowiańskie pod keratynę, kręcone, 55, #30","0","2019-07-22T07:54:07.388Z","2019-07-22T07:54:07.388Z","null","null","null","6.09","null","null","55.0","0.7","kręcone","#30","włosy"
"172","Włosy Słowiańskie pod keratynę","Włosy Słowiańskie pod keratynę, kręcone, 55, #33","0","2019-07-22T07:54:07.397Z","2019-07-22T07:54:07.397Z","null","null","null","6.09","null","null","55.0","0.7","kręcone","#33","włosy"
"173","Włosy Słowiańskie pod keratynę","Włosy Słowiańskie pod keratynę, ,kręcone, 55, #130","0","2019-07-22T07:54:07.405Z","2019-07-22T07:54:07.405Z","null","null","null","6.09","null","null","55.0","0.7","kręcone","#130","włosy"
"174","Włosy Słowiańskie pod keratynę","Włosy Słowiańskie pod keratynę, kręcone, 55, #60","0","2019-07-22T07:54:07.414Z","2019-07-22T07:54:07.414Z","null","null","null","6.09","null","null","55.0","0.7","kręcone","#60","włosy"
"175","Włosy Słowiańskie pod keratynę","Włosy Słowiańskie pod keratynę, kręcone, 55, #PM","300","2019-07-22T07:54:07.422Z","2019-07-22T07:54:07.422Z","null","null","null","6.09","null","null","55.0","0.7","kręcone","#PM","włosy"
"176","Włosy Słowiańskie pod mikroringi","Włosy Słowiańskie pod mikroringi, 40, #1","750","2019-07-22T07:56:00.175Z","2019-07-22T07:56:00.175Z","null","null","null","4.46","null","null","40.0","0.5","proste podatne","#1","włosy"
"177","Włosy Słowiańskie pod mikroringi","Włosy Słowiańskie pod mikroringi, 40, #1b","1500","2019-07-22T07:56:00.187Z","2019-07-22T07:56:00.187Z","null","null","null","4.46","null","null","40.0","0.5","proste podatne","#1b","włosy"
"178","Włosy Słowiańskie pod mikroringi","Włosy Słowiańskie pod mikroringi, 40, #2","1050","2019-07-22T07:56:00.195Z","2019-07-22T07:56:00.195Z","null","null","null","4.46","null","null","40.0","0.5","proste podatne","#2","włosy"
"179","Włosy Słowiańskie pod mikroringi","Włosy Słowiańskie pod mikroringi, 40, #4","1325","2019-07-22T07:56:00.203Z","2019-07-22T07:56:00.203Z","null","null","null","4.46","null","null","40.0","0.5","proste podatne","#4","włosy"
"180","Włosy Słowiańskie pod mikroringi","Włosy Słowiańskie pod mikroringi, 40, #6","200","2019-07-22T07:56:00.212Z","2019-07-22T07:56:00.212Z","null","null","null","4.46","null","null","40.0","0.5","proste podatne","#6","włosy"
"181","Włosy Słowiańskie pod mikroringi","Włosy Słowiańskie pod mikroringi, 40, #8","1250","2019-07-22T07:56:00.220Z","2019-07-22T07:56:00.220Z","null","null","null","4.46","null","null","40.0","0.5","proste podatne","#8","włosy"
"182","Włosy Słowiańskie pod mikroringi","Włosy Słowiańskie pod mikroringi, 40, #10","450","2019-07-22T07:56:00.229Z","2019-07-22T07:56:00.229Z","null","null","null","4.46","null","null","40.0","0.5","proste podatne","#10","włosy"
"183","Włosy Słowiańskie pod mikroringi","Włosy Słowiańskie pod mikroringi, 40, #12","1000","2019-07-22T07:56:00.279Z","2019-07-22T07:56:00.279Z","null","null","null","4.46","null","null","40.0","0.5","proste podatne","#12","włosy"
"184","Włosy Słowiańskie pod mikroringi","Włosy Słowiańskie pod mikroringi, 40, #16","1675","2019-07-22T07:56:00.287Z","2019-07-22T07:56:00.287Z","null","null","null","4.46","null","null","40.0","0.5","proste podatne","#16","włosy"
"185","Włosy Słowiańskie pod mikroringi","Włosy Słowiańskie pod mikroringi, 40, #18","550","2019-07-22T07:56:00.295Z","2019-07-22T07:56:00.295Z","null","null","null","4.46","null","null","40.0","0.5","proste podatne","#18","włosy"
"186","Włosy Słowiańskie pod mikroringi","Włosy Słowiańskie pod mikroringi, 40, #20","875","2019-07-22T07:56:00.303Z","2019-07-22T07:56:00.303Z","null","null","null","4.46","null","null","40.0","0.5","proste podatne","#20","włosy"
"187","Włosy Słowiańskie pod mikroringi","Włosy Słowiańskie pod mikroringi, 40, #22","100","2019-07-22T07:56:00.312Z","2019-07-22T07:56:00.312Z","null","null","null","4.46","null","null","40.0","0.5","proste podatne","#22","włosy"
"188","Włosy Słowiańskie pod mikroringi","Włosy Słowiańskie pod mikroringi, 40, #24","950","2019-07-22T07:56:00.320Z","2019-07-22T07:56:00.320Z","null","null","null","4.46","null","null","40.0","0.5","proste podatne","#24","włosy"
"189","Włosy Słowiańskie pod mikroringi","Włosy Słowiańskie pod mikroringi, 40, #27","600","2019-07-22T07:56:00.329Z","2019-07-22T07:56:00.329Z","null","null","null","4.46","null","null","40.0","0.5","proste podatne","#27","włosy"
"190","Włosy Słowiańskie pod mikroringi","Włosy Słowiańskie pod mikroringi, 40, #613","75","2019-07-22T07:56:00.337Z","2019-07-22T07:56:00.337Z","null","null","null","4.46","null","null","40.0","0.5","proste podatne","#613","włosy"
"359","Adhesive Remover","Adhesive Remover","21","2019-07-22T08:10:02.383Z","2019-07-22T08:10:02.383Z","null","null","null","72.0","null","null","null","null","null","null","kosmetyki"
"191","Włosy Słowiańskie pod mikroringi","Włosy Słowiańskie pod mikroringi, 40, #30","550","2019-07-22T07:56:00.346Z","2019-07-22T07:56:00.346Z","null","null","null","4.46","null","null","40.0","0.5","proste podatne","#30","włosy"
"192","Włosy Słowiańskie pod mikroringi","Włosy Słowiańskie pod mikroringi, 40, #33","275","2019-07-22T07:56:00.353Z","2019-07-22T07:56:00.353Z","null","null","null","4.46","null","null","40.0","0.5","proste podatne","#33","włosy"
"193","Włosy Słowiańskie pod mikroringi","Włosy Słowiańskie pod mikroringi, 40, #130","625","2019-07-22T07:56:00.361Z","2019-07-22T07:56:00.361Z","null","null","null","4.46","null","null","40.0","0.5","proste podatne","#130","włosy"
"194","Włosy Słowiańskie pod mikroringi","Włosy Słowiańskie pod mikroringi, 40, #60","1500","2019-07-22T07:56:00.370Z","2019-07-22T07:56:00.370Z","null","null","null","4.46","null","null","40.0","0.5","proste podatne","#60","włosy"
"195","Włosy Słowiańskie pod mikroringi","Włosy Słowiańskie pod mikroringi, 40, #PM","1625","2019-07-22T07:56:00.379Z","2019-07-22T07:56:00.379Z","null","null","null","4.46","null","null","40.0","0.5","proste podatne","#PM","włosy"
"196","Włosy Słowiańskie pod mikroringi","Włosy Słowiańskie pod mikroringi, 40, #PB","1550","2019-07-22T07:56:00.386Z","2019-07-22T07:56:00.386Z","null","null","null","4.46","null","null","40.0","0.5","proste podatne","#PB","włosy"
"197","Włosy Słowiańskie pod mikroringi","Włosy Słowiańskie pod mikroringi, 51, #1","1900","2019-07-22T07:56:00.395Z","2019-07-22T07:56:00.395Z","null","null","null","5.68","null","null","51.0","0.7","proste podatne","#1","włosy"
"198","Włosy Słowiańskie pod mikroringi","Włosy Słowiańskie pod mikroringi, 51, #1b","1300","2019-07-22T07:56:00.403Z","2019-07-22T07:56:00.403Z","null","null","null","5.68","null","null","51.0","0.7","proste podatne","#1b","włosy"
"199","Włosy Słowiańskie pod mikroringi","Włosy Słowiańskie pod mikroringi, 51, #2","875","2019-07-22T07:56:00.411Z","2019-07-22T07:56:00.411Z","null","null","null","5.68","null","null","51.0","0.7","proste podatne","#2","włosy"
"200","Włosy Słowiańskie pod mikroringi","Włosy Słowiańskie pod mikroringi, 51, #4","350","2019-07-22T07:56:00.420Z","2019-07-22T07:56:00.420Z","null","null","null","5.68","null","null","51.0","0.7","proste podatne","#4","włosy"
"201","Włosy Słowiańskie pod mikroringi","Włosy Słowiańskie pod mikroringi, 51, #6","750","2019-07-22T07:56:00.428Z","2019-07-22T07:56:00.428Z","null","null","null","5.68","null","null","51.0","0.7","proste podatne","#6","włosy"
"202","Włosy Słowiańskie pod mikroringi","Włosy Słowiańskie pod mikroringi, 51, #8","625","2019-07-22T07:56:00.437Z","2019-07-22T07:56:00.437Z","null","null","null","5.68","null","null","51.0","0.7","proste podatne","#8","włosy"
"203","Włosy Słowiańskie pod mikroringi","Włosy Słowiańskie pod mikroringi, 51, #10","550","2019-07-22T07:56:00.445Z","2019-07-22T07:56:00.445Z","null","null","null","5.68","null","null","51.0","0.7","proste podatne","#10","włosy"
"204","Włosy Słowiańskie pod mikroringi","Włosy Słowiańskie pod mikroringi, 51, #12","450","2019-07-22T07:56:00.453Z","2019-07-22T07:56:00.453Z","null","null","null","5.68","null","null","51.0","0.7","proste podatne","#12","włosy"
"205","Włosy Słowiańskie pod mikroringi","Włosy Słowiańskie pod mikroringi, 51, #16","225","2019-07-22T07:56:00.462Z","2019-07-22T07:56:00.462Z","null","null","null","5.68","null","null","51.0","0.7","proste podatne","#16","włosy"
"206","Włosy Słowiańskie pod mikroringi","Włosy Słowiańskie pod mikroringi, 51, #18","550","2019-07-22T07:56:00.470Z","2019-07-22T07:56:00.470Z","null","null","null","5.68","null","null","51.0","0.7","proste podatne","#18","włosy"
"207","Włosy Słowiańskie pod mikroringi","Włosy Słowiańskie pod mikroringi, 51, #20","225","2019-07-22T07:56:00.479Z","2019-07-22T07:56:00.479Z","null","null","null","5.68","null","null","51.0","0.7","proste podatne","#20","włosy"
"208","Włosy Słowiańskie pod mikroringi","Włosy Słowiańskie pod mikroringi, 51, #18/22","1900","2019-07-22T07:56:00.487Z","2019-07-22T07:56:00.487Z","null","null","null","5.68","null","null","51.0","0.7","proste podatne","#18/22","włosy"
"209","Włosy Słowiańskie pod mikroringi","Włosy Słowiańskie pod mikroringi, 51, #22","675","2019-07-22T07:56:00.494Z","2019-07-22T07:56:00.494Z","null","null","null","5.68","null","null","51.0","0.7","proste podatne","#22","włosy"
"210","Włosy Słowiańskie pod mikroringi","Włosy Słowiańskie pod mikroringi, 51, #24","1800","2019-07-22T07:56:00.503Z","2019-07-22T07:56:00.503Z","null","null","null","5.68","null","null","51.0","0.7","proste podatne","#24","włosy"
"211","Włosy Słowiańskie pod mikroringi","Włosy Słowiańskie pod mikroringi, 51, #27","50","2019-07-22T07:56:00.511Z","2019-07-22T07:56:00.511Z","null","null","null","5.68","null","null","51.0","0.7","proste podatne","#27","włosy"
"212","Włosy Słowiańskie pod mikroringi","Włosy Słowiańskie pod mikroringi, 51, #613","775","2019-07-22T07:56:00.520Z","2019-07-22T07:56:00.520Z","null","null","null","5.68","null","null","51.0","0.7","proste podatne","#613","włosy"
"213","Włosy Słowiańskie pod mikroringi","Włosy Słowiańskie pod mikroringi, 51, #30","750","2019-07-22T07:56:00.528Z","2019-07-22T07:56:00.528Z","null","null","null","5.68","null","null","51.0","0.7","proste podatne","#30","włosy"
"214","Włosy Słowiańskie pod mikroringi","Włosy Słowiańskie pod mikroringi, 51, #33","600","2019-07-22T07:56:00.537Z","2019-07-22T07:56:00.537Z","null","null","null","5.68","null","null","51.0","0.7","proste podatne","#33","włosy"
"215","Włosy Słowiańskie pod mikroringi","Włosy Słowiańskie pod mikroringi, 51, #130","75","2019-07-22T07:56:00.546Z","2019-07-22T07:56:00.546Z","null","null","null","5.68","null","null","51.0","0.7","proste podatne","#130","włosy"
"216","Włosy Słowiańskie pod mikroringi","Włosy Słowiańskie pod mikroringi, 51, #60","1250","2019-07-22T07:56:00.553Z","2019-07-22T07:56:00.553Z","null","null","null","5.68","null","null","51.0","0.7","proste podatne","#60","włosy"
"217","Włosy Słowiańskie pod mikroringi","Włosy Słowiańskie pod mikroringi, 51, #PM","1075","2019-07-22T07:56:00.562Z","2019-07-22T07:56:00.562Z","null","null","null","5.68","null","null","51.0","0.7","proste podatne","#PM","włosy"
"218","Włosy Słowiańskie pod mikroringi","Włosy Słowiańskie pod mikroringi, 51, #PB","1025","2019-07-22T07:56:00.570Z","2019-07-22T07:56:00.570Z","null","null","null","5.68","null","null","51.0","0.7","proste podatne","#PB","włosy"
"219","Włosy Słowiańskie pod mikroringi","Włosy Słowiańskie pod mikroringi, 61, #1","0","2019-07-22T07:56:00.578Z","2019-07-22T07:56:00.578Z","null","null","null","7.31","null","null","61.0","0.8","proste podatne","#1","włosy"
"220","Włosy Słowiańskie pod mikroringi","Włosy Słowiańskie pod mikroringi, 61, #1b","0","2019-07-22T07:56:00.586Z","2019-07-22T07:56:00.586Z","null","null","null","7.31","null","null","61.0","0.8","proste podatne","#1b","włosy"
"221","Włosy Słowiańskie pod mikroringi","Włosy Słowiańskie pod mikroringi, 61, #2","550","2019-07-22T07:56:00.595Z","2019-07-22T07:56:00.595Z","null","null","null","7.31","null","null","61.0","0.8","proste podatne","#2","włosy"
"222","Włosy Słowiańskie pod mikroringi","Włosy Słowiańskie pod mikroringi, 61, #4","1375","2019-07-22T07:56:00.603Z","2019-07-22T07:56:00.603Z","null","null","null","7.31","null","null","61.0","0.8","proste podatne","#4","włosy"
"223","Włosy Słowiańskie pod mikroringi","Włosy Słowiańskie pod mikroringi, 61, #6","0","2019-07-22T07:56:00.612Z","2019-07-22T07:56:00.612Z","null","null","null","7.31","null","null","61.0","0.8","proste podatne","#6","włosy"
"224","Włosy Słowiańskie pod mikroringi","Włosy Słowiańskie pod mikroringi, 61, #8","0","2019-07-22T07:56:00.620Z","2019-07-22T07:56:00.620Z","null","null","null","7.31","null","null","61.0","0.8","proste podatne","#8","włosy"
"225","Włosy Słowiańskie pod mikroringi","Włosy Słowiańskie pod mikroringi, 61, #10","0","2019-07-22T07:56:00.628Z","2019-07-22T07:56:00.628Z","null","null","null","7.31","null","null","61.0","0.8","proste podatne","#10","włosy"
"226","Włosy Słowiańskie pod mikroringi","Włosy Słowiańskie pod mikroringi, 61, #12","0","2019-07-22T07:56:00.637Z","2019-07-22T07:56:00.637Z","null","null","null","7.31","null","null","61.0","0.8","proste podatne","#12","włosy"
"227","Włosy Słowiańskie pod mikroringi","Włosy Słowiańskie pod mikroringi, 61, #16","125","2019-07-22T07:56:00.645Z","2019-07-22T07:56:00.645Z","null","null","null","7.31","null","null","61.0","0.8","proste podatne","#16","włosy"
"228","Włosy Słowiańskie pod mikroringi","Włosy Słowiańskie pod mikroringi, 61, #18","0","2019-07-22T07:56:00.654Z","2019-07-22T07:56:00.654Z","null","null","null","7.31","null","null","61.0","0.8","proste podatne","#18","włosy"
"229","Włosy Słowiańskie pod mikroringi","Włosy Słowiańskie pod mikroringi, 61, #20","0","2019-07-22T07:56:00.662Z","2019-07-22T07:56:00.662Z","null","null","null","7.31","null","null","61.0","0.8","proste podatne","#20","włosy"
"230","Włosy Słowiańskie pod mikroringi","Włosy Słowiańskie pod mikroringi, 61, #18/22","0","2019-07-22T07:56:00.670Z","2019-07-22T07:56:00.670Z","null","null","null","7.31","null","null","61.0","0.8","proste podatne","#18/22","włosy"
"231","Włosy Słowiańskie pod mikroringi","Włosy Słowiańskie pod mikroringi, 61, #22","0","2019-07-22T07:56:00.678Z","2019-07-22T07:56:00.678Z","null","null","null","7.31","null","null","61.0","0.8","proste podatne","#22","włosy"
"360","Remover do keratyny","Remover do keratyny 150ml","0","2019-07-22T08:10:02.391Z","2019-07-22T08:10:02.391Z","null","null","null","24.0","null","null","null","null","null","null","kosmetyki"
"232","Włosy Słowiańskie pod mikroringi","Włosy Słowiańskie pod mikroringi, 61, #24","0","2019-07-22T07:56:00.687Z","2019-07-22T07:56:00.687Z","null","null","null","7.31","null","null","61.0","0.8","proste podatne","#24","włosy"
"233","Włosy Słowiańskie pod mikroringi","Włosy Słowiańskie pod mikroringi, 61, #27","900","2019-07-22T07:56:00.695Z","2019-07-22T07:56:00.695Z","null","null","null","7.31","null","null","61.0","0.8","proste podatne","#27","włosy"
"234","Włosy Słowiańskie pod mikroringi","Włosy Słowiańskie pod mikroringi, 61, #613","275","2019-07-22T07:56:00.703Z","2019-07-22T07:56:00.703Z","null","null","null","7.31","null","null","61.0","0.8","proste podatne","#613","włosy"
"235","Włosy Słowiańskie pod mikroringi","Włosy Słowiańskie pod mikroringi, 61, #30","0","2019-07-22T07:56:00.711Z","2019-07-22T07:56:00.711Z","null","null","null","7.31","null","null","61.0","0.8","proste podatne","#30","włosy"
"236","Włosy Słowiańskie pod mikroringi","Włosy Słowiańskie pod mikroringi, 61, #33","0","2019-07-22T07:56:00.720Z","2019-07-22T07:56:00.720Z","null","null","null","7.31","null","null","61.0","0.8","proste podatne","#33","włosy"
"237","Włosy Słowiańskie pod mikroringi","Włosy Słowiańskie pod mikroringi, 61, #130","0","2019-07-22T07:56:00.728Z","2019-07-22T07:56:00.728Z","null","null","null","7.31","null","null","61.0","0.8","proste podatne","#130","włosy"
"238","Włosy Słowiańskie pod mikroringi","Włosy Słowiańskie pod mikroringi, 61, #60","100","2019-07-22T07:56:00.736Z","2019-07-22T07:56:00.736Z","null","null","null","7.31","null","null","61.0","0.8","proste podatne","#60","włosy"
"239","Włosy Słowiańskie pod mikroringi","Włosy Słowiańskie pod mikroringi, 61, #PM","0","2019-07-22T07:56:00.745Z","2019-07-22T07:56:00.745Z","null","null","null","7.31","null","null","61.0","0.8","proste podatne","#PM","włosy"
"240","Włosy Słowiańskie pod mikroringi","Włosy Słowiańskie pod mikroringi, 61, #PB","0","2019-07-22T07:56:00.753Z","2019-07-22T07:56:00.753Z","null","null","null","7.31","null","null","61.0","0.8","proste podatne","#PB","włosy"
"241","Włosy Słowiańskie na taśmach","Włosy Słowiańskie na taśmach, 45, #1","21","2019-07-22T07:56:10.495Z","2019-07-22T07:56:10.495Z","null","null","null","499.99","null","null","45.0","1.8","proste podatne","#1","włosy"
"242","Włosy Słowiańskie na taśmach","Włosy Słowiańskie na taśmach falowane, 45, #1","5","2019-07-22T07:56:10.512Z","2019-07-22T07:56:10.512Z","null","null","null","499.99","null","null","45.0","1.8","falowane","#1","włosy"
"243","Włosy Słowiańskie na taśmach","Włosy Słowiańskie na taśmach, 45, #1b","20","2019-07-22T07:56:10.521Z","2019-07-22T07:56:10.521Z","null","null","null","499.99","null","null","45.0","1.8","proste podatne","#1b","włosy"
"244","Włosy Słowiańskie na taśmach","Włosy Słowiańskie na taśmach falowane, 45, #1b","8","2019-07-22T07:56:10.528Z","2019-07-22T07:56:10.528Z","null","null","null","499.99","null","null","45.0","1.8","falowane","#1b","włosy"
"245","Włosy Słowiańskie na taśmach","Włosy Słowiańskie na taśmach, 45, #2","3","2019-07-22T07:56:10.536Z","2019-07-22T07:56:10.536Z","null","null","null","499.99","null","null","45.0","1.8","proste podatne","#2","włosy"
"246","Włosy Słowiańskie na taśmach","Włosy Słowiańskie na taśmach, 45, #4","13","2019-07-22T07:56:10.545Z","2019-07-22T07:56:10.545Z","null","null","null","499.99","null","null","45.0","1.8","proste podatne","#4","włosy"
"247","Włosy Słowiańskie na taśmach","Włosy Słowiańskie na taśmach, 45, #6","21","2019-07-22T07:56:10.553Z","2019-07-22T07:56:10.553Z","null","null","null","499.99","null","null","45.0","1.8","proste podatne","#6","włosy"
"248","Włosy Słowiańskie na taśmach","Włosy Słowiańskie na taśmach, 45, #8","4","2019-07-22T07:56:10.562Z","2019-07-22T07:56:10.562Z","null","null","null","499.99","null","null","45.0","1.8","proste podatne","#8","włosy"
"249","Włosy Słowiańskie na taśmach","Włosy Słowiańskie na taśmach, 45, #10","8","2019-07-22T07:56:10.570Z","2019-07-22T07:56:10.570Z","null","null","null","499.99","null","null","45.0","1.8","proste podatne","#10","włosy"
"250","Włosy Słowiańskie na taśmach","Włosy Słowiańskie na taśmach, 45, #12","16","2019-07-22T07:56:10.579Z","2019-07-22T07:56:10.579Z","null","null","null","499.99","null","null","45.0","1.8","proste podatne","#12","włosy"
"251","Włosy Słowiańskie na taśmach","Włosy Słowiańskie na taśmach, 45, #16","34","2019-07-22T07:56:10.587Z","2019-07-22T07:56:10.587Z","null","null","null","499.99","null","null","45.0","1.8","proste podatne","#16","włosy"
"252","Włosy Słowiańskie na taśmach","Włosy Słowiańskie na taśmach, 45, #18","21","2019-07-22T07:56:10.595Z","2019-07-22T07:56:10.595Z","null","null","null","499.99","null","null","45.0","1.8","proste podatne","#18","włosy"
"253","Włosy Słowiańskie na taśmach","Włosy Słowiańskie na taśmach, 45, #20","15","2019-07-22T07:56:10.603Z","2019-07-22T07:56:10.603Z","null","null","null","499.99","null","null","45.0","1.8","proste podatne","#20","włosy"
"254","Włosy Słowiańskie na taśmach","Włosy Słowiańskie na taśmach, 45, #18/22","9","2019-07-22T07:56:10.612Z","2019-07-22T07:56:10.612Z","null","null","null","499.99","null","null","45.0","1.8","proste podatne","#18/22","włosy"
"255","Włosy Słowiańskie na taśmach","Włosy Słowiańskie na taśmach, 45, #22","36","2019-07-22T07:56:10.620Z","2019-07-22T07:56:10.620Z","null","null","null","499.99","null","null","45.0","1.8","proste podatne","#22","włosy"
"256","Włosy Słowiańskie na taśmach","Włosy Słowiańskie na taśmach, 45, #24","24","2019-07-22T07:56:10.628Z","2019-07-22T07:56:10.628Z","null","null","null","499.99","null","null","45.0","1.8","proste podatne","#24","włosy"
"257","Włosy Słowiańskie na taśmach","Włosy Słowiańskie na taśmach, 45, #27","12","2019-07-22T07:56:10.637Z","2019-07-22T07:56:10.637Z","null","null","null","499.99","null","null","45.0","1.8","proste podatne","#27","włosy"
"258","Włosy Słowiańskie na taśmach","Włosy Słowiańskie na taśmach, 45, #613","0","2019-07-22T07:56:10.646Z","2019-07-22T07:56:10.646Z","null","null","null","499.99","null","null","45.0","1.8","proste podatne","#613","włosy"
"259","Włosy Słowiańskie na taśmach","Włosy Słowiańskie na taśmach, 45, #30","7","2019-07-22T07:56:10.654Z","2019-07-22T07:56:10.654Z","null","null","null","499.99","null","null","45.0","1.8","proste podatne","#30","włosy"
"260","Włosy Słowiańskie na taśmach","Włosy Słowiańskie na taśmach, 45, #33","0","2019-07-22T07:56:10.661Z","2019-07-22T07:56:10.661Z","null","null","null","499.99","null","null","45.0","1.8","proste podatne","#33","włosy"
"261","Włosy Słowiańskie na taśmach","Włosy Słowiańskie na taśmach, 45, #130","3","2019-07-22T07:56:10.670Z","2019-07-22T07:56:10.670Z","null","null","null","499.99","null","null","45.0","1.8","proste podatne","#130","włosy"
"262","Włosy Słowiańskie na taśmach","Włosy Słowiańskie na taśmach, 45, #60","15","2019-07-22T07:56:10.678Z","2019-07-22T07:56:10.678Z","null","null","null","499.99","null","null","45.0","1.8","proste podatne","#60","włosy"
"263","Włosy Słowiańskie na taśmach","Włosy Słowiańskie na taśmach, 45, #PM","2","2019-07-22T07:56:10.687Z","2019-07-22T07:56:10.687Z","null","null","null","499.99","null","null","45.0","1.8","proste podatne","#PM","włosy"
"264","Włosy Słowiańskie na taśmach","Włosy Słowiańskie na taśmach, 45, #PB","20","2019-07-22T07:56:10.695Z","2019-07-22T07:56:10.695Z","null","null","null","499.99","null","null","45.0","1.8","proste podatne","#PB","włosy"
"265","Włosy Słowiańskie na taśmach","Włosy Słowiańskie na taśmach falowane, 51, #1","19","2019-07-22T07:56:10.704Z","2019-07-22T07:56:10.704Z","null","null","null","569.0","null","null","51.0","1.8","falowane","#1","włosy"
"266","Włosy Słowiańskie na taśmach","Włosy Słowiańskie na taśmach falowane, 51, #1b","7","2019-07-22T07:56:10.712Z","2019-07-22T07:56:10.712Z","null","null","null","569.0","null","null","51.0","1.8","falowane","#1b","włosy"
"267","Włosy Słowiańskie na taśmach","Włosy Słowiańskie na taśmach falowane, 51, #2","5","2019-07-22T07:56:10.720Z","2019-07-22T07:56:10.720Z","null","null","null","569.0","null","null","51.0","1.8","falowane","#2","włosy"
"268","Włosy Słowiańskie na taśmach","Włosy Słowiańskie na taśmach falowane, 51, #4","12","2019-07-22T07:56:10.728Z","2019-07-22T07:56:10.728Z","null","null","null","569.0","null","null","51.0","1.8","falowane","#4","włosy"
"269","Włosy Słowiańskie na taśmach","Włosy Słowiańskie na taśmach falowane, 51, #6","6","2019-07-22T07:56:10.737Z","2019-07-22T07:56:10.737Z","null","null","null","569.0","null","null","51.0","1.8","falowane","#6","włosy"
"270","Włosy Słowiańskie na taśmach","Włosy Słowiańskie na taśmach falowane, 51, #8","10","2019-07-22T07:56:10.745Z","2019-07-22T07:56:10.745Z","null","null","null","569.0","null","null","51.0","1.8","falowane","#8","włosy"
"271","Włosy Słowiańskie na taśmach","Włosy Słowiańskie na taśmach falowane, 51, #10","12","2019-07-22T07:56:10.753Z","2019-07-22T07:56:10.753Z","null","null","null","569.0","null","null","51.0","1.8","falowane","#10","włosy"
"272","Włosy Słowiańskie na taśmach","Włosy Słowiańskie na taśmach falowane, 51, #12","4","2019-07-22T07:56:10.762Z","2019-07-22T07:56:10.762Z","null","null","null","569.0","null","null","51.0","1.8","falowane","#12","włosy"
"273","Włosy Słowiańskie na taśmach","Włosy Słowiańskie na taśmach falowane, 51, #16","14","2019-07-22T07:56:10.770Z","2019-07-22T07:56:10.770Z","null","null","null","569.0","null","null","51.0","1.8","falowane","#16","włosy"
"274","Włosy Słowiańskie na taśmach","Włosy Słowiańskie na taśmach falowane, 51, #18","5","2019-07-22T07:56:10.779Z","2019-07-22T07:56:10.779Z","null","null","null","569.0","null","null","51.0","1.8","falowane","#18","włosy"
"275","Włosy Słowiańskie na taśmach","Włosy Słowiańskie na taśmach falowane, 51, #20","5","2019-07-22T07:56:10.787Z","2019-07-22T07:56:10.787Z","null","null","null","569.0","null","null","51.0","1.8","falowane","#20","włosy"
"276","Włosy Słowiańskie na taśmach","Włosy Słowiańskie na taśmach falowane, 51, #18/22","10","2019-07-22T07:56:10.795Z","2019-07-22T07:56:10.795Z","null","null","null","569.0","null","null","51.0","1.8","falowane","#18/22","włosy"
"277","Włosy Słowiańskie na taśmach","Włosy Słowiańskie na taśmach falowane, 51, #22","12","2019-07-22T07:56:10.803Z","2019-07-22T07:56:10.803Z","null","null","null","569.0","null","null","51.0","1.8","falowane","#22","włosy"
"278","Włosy Słowiańskie na taśmach","Włosy Słowiańskie na taśmach falowane, 51, #24","9","2019-07-22T07:56:10.811Z","2019-07-22T07:56:10.811Z","null","null","null","569.0","null","null","51.0","1.8","falowane","#24","włosy"
"279","Włosy Słowiańskie na taśmach","Włosy Słowiańskie na taśmach falowane, 51, #27","8","2019-07-22T07:56:10.820Z","2019-07-22T07:56:10.820Z","null","null","null","569.0","null","null","51.0","1.8","falowane","#27","włosy"
"280","Włosy Słowiańskie na taśmach","Włosy Słowiańskie na taśmach falowane, 51, #613","15","2019-07-22T07:56:10.829Z","2019-07-22T07:56:10.829Z","null","null","null","569.0","null","null","51.0","1.8","falowane","#613","włosy"
"281","Włosy Słowiańskie na taśmach","Włosy Słowiańskie na taśmach falowane, 51, #30","2","2019-07-22T07:56:10.836Z","2019-07-22T07:56:10.836Z","null","null","null","569.0","null","null","51.0","1.8","falowane","#30","włosy"
"282","Włosy Słowiańskie na taśmach","Włosy Słowiańskie na taśmach falowane, 51, #33","0","2019-07-22T07:56:10.845Z","2019-07-22T07:56:10.845Z","null","null","null","569.0","null","null","51.0","1.8","falowane","#33","włosy"
"283","Włosy Słowiańskie na taśmach","Włosy Słowiańskie na taśmach falowane, 51, #130","6","2019-07-22T07:56:10.854Z","2019-07-22T07:56:10.854Z","null","null","null","569.0","null","null","51.0","1.8","falowane","#130","włosy"
"284","Włosy Słowiańskie na taśmach","Włosy Słowiańskie na taśmach falowane, 51, #60","30","2019-07-22T07:56:10.862Z","2019-07-22T07:56:10.862Z","null","null","null","569.0","null","null","51.0","1.8","falowane","#60","włosy"
"285","Włosy Słowiańskie na taśmach","Włosy Słowiańskie na taśmach falowane, 51, #PM","0","2019-07-22T07:56:10.870Z","2019-07-22T07:56:10.870Z","null","null","null","569.0","null","null","51.0","1.8","falowane","#PM","włosy"
"286","Włosy Słowiańskie na taśmach","Włosy Słowiańskie na taśmach falowane, 51, #PB","0","2019-07-22T07:56:10.878Z","2019-07-22T07:56:10.878Z","null","null","null","569.0","null","null","51.0","1.8","falowane","#PB","włosy"
"287","Włosy Słowiańskie na taśmach mikro","Włosy Słowiańskie na taśmach mikro, 35, #1","17","2019-07-22T08:01:46.841Z","2019-07-22T08:01:46.841Z","null","null","null","199.0","null","null","35.0","0.75","proste podatne","#1","włosy"
"288","Włosy Słowiańskie na taśmach mikro","Włosy Słowiańskie na taśmach mikro, 35, #1b","24","2019-07-22T08:01:46.869Z","2019-07-22T08:01:46.869Z","null","null","null","199.0","null","null","35.0","0.75","proste podatne","#1b","włosy"
"289","Włosy Słowiańskie na taśmach mikro","Włosy Słowiańskie na taśmach mikro, 35, #2","20","2019-07-22T08:01:46.877Z","2019-07-22T08:01:46.877Z","null","null","null","199.0","null","null","35.0","0.75","proste podatne","#2","włosy"
"290","Włosy Słowiańskie na taśmach mikro","Włosy Słowiańskie na taśmach mikro, 35, #4","19","2019-07-22T08:01:46.886Z","2019-07-22T08:01:46.886Z","null","null","null","199.0","null","null","35.0","0.75","proste podatne","#4","włosy"
"291","Włosy Słowiańskie na taśmach mikro","Włosy Słowiańskie na taśmach mikro, 35, #6","21","2019-07-22T08:01:46.894Z","2019-07-22T08:01:46.894Z","null","null","null","199.0","null","null","35.0","0.75","proste podatne","#6","włosy"
"292","Włosy Słowiańskie na taśmach mikro","Włosy Słowiańskie na taśmach mikro, 35, #8","10","2019-07-22T08:01:46.902Z","2019-07-22T08:01:46.902Z","null","null","null","199.0","null","null","35.0","0.75","proste podatne","#8","włosy"
"293","Włosy Słowiańskie na taśmach mikro","Włosy Słowiańskie na taśmach mikro, 35, #10","26","2019-07-22T08:01:46.911Z","2019-07-22T08:01:46.911Z","null","null","null","199.0","null","null","35.0","0.75","proste podatne","#10","włosy"
"294","Włosy Słowiańskie na taśmach mikro","Włosy Słowiańskie na taśmach mikro, 35, #12","25","2019-07-22T08:01:46.919Z","2019-07-22T08:01:46.919Z","null","null","null","199.0","null","null","35.0","0.75","proste podatne","#12","włosy"
"295","Włosy Słowiańskie na taśmach mikro","Włosy Słowiańskie na taśmach mikro, 35, #16","44","2019-07-22T08:01:46.927Z","2019-07-22T08:01:46.927Z","null","null","null","199.0","null","null","35.0","0.75","proste podatne","#16","włosy"
"296","Włosy Słowiańskie na taśmach mikro","Włosy Słowiańskie na taśmach mikro, 35, #18","22","2019-07-22T08:01:46.936Z","2019-07-22T08:01:46.936Z","null","null","null","199.0","null","null","35.0","0.75","proste podatne","#18","włosy"
"297","Włosy Słowiańskie na taśmach mikro","Włosy Słowiańskie na taśmach mikro, 35, #20","31","2019-07-22T08:01:46.944Z","2019-07-22T08:01:46.944Z","null","null","null","199.0","null","null","35.0","0.75","proste podatne","#20","włosy"
"298","Włosy Słowiańskie na taśmach mikro","Włosy Słowiańskie na taśmach mikro, 35, #18/22","3","2019-07-22T08:01:46.952Z","2019-07-22T08:01:46.952Z","null","null","null","199.0","null","null","35.0","0.75","proste podatne","#18/22","włosy"
"299","Włosy Słowiańskie na taśmach mikro","Włosy Słowiańskie na taśmach mikro, 35, #22","51","2019-07-22T08:01:46.961Z","2019-07-22T08:01:46.961Z","null","null","null","199.0","null","null","35.0","0.75","proste podatne","#22","włosy"
"300","Włosy Słowiańskie na taśmach mikro","Włosy Słowiańskie na taśmach mikro, 35, #24","11","2019-07-22T08:01:46.969Z","2019-07-22T08:01:46.969Z","null","null","null","199.0","null","null","35.0","0.75","proste podatne","#24","włosy"
"301","Włosy Słowiańskie na taśmach mikro","Włosy Słowiańskie na taśmach mikro, 35, #27","0","2019-07-22T08:01:46.977Z","2019-07-22T08:01:46.977Z","null","null","null","199.0","null","null","35.0","0.75","proste podatne","#27","włosy"
"302","Włosy Słowiańskie na taśmach mikro","Włosy Słowiańskie na taśmach mikro, 35, #613","11","2019-07-22T08:01:46.986Z","2019-07-22T08:01:46.986Z","null","null","null","199.0","null","null","35.0","0.75","proste podatne","#613","włosy"
"303","Włosy Słowiańskie na taśmach mikro","Włosy Słowiańskie na taśmach mikro, 35, #30","0","2019-07-22T08:01:46.994Z","2019-07-22T08:01:46.994Z","null","null","null","199.0","null","null","35.0","0.75","proste podatne","#30","włosy"
"304","Włosy Słowiańskie na taśmach mikro","Włosy Słowiańskie na taśmach mikro, 35, #33","0","2019-07-22T08:01:47.003Z","2019-07-22T08:01:47.003Z","null","null","null","199.0","null","null","35.0","0.75","proste podatne","#33","włosy"
"305","Włosy Słowiańskie na taśmach mikro","Włosy Słowiańskie na taśmach mikro, 35, #130","0","2019-07-22T08:01:47.011Z","2019-07-22T08:01:47.011Z","null","null","null","199.0","null","null","35.0","0.75","proste podatne","#130","włosy"
"306","Włosy Słowiańskie na taśmach mikro","Włosy Słowiańskie na taśmach mikro, 35, #60","47","2019-07-22T08:01:47.019Z","2019-07-22T08:01:47.019Z","null","null","null","199.0","null","null","35.0","0.75","proste podatne","#60","włosy"
"307","Włosy Słowiańskie na taśmach mikro","Włosy Słowiańskie na taśmach mikro, 35, #PM","20","2019-07-22T08:01:47.027Z","2019-07-22T08:01:47.027Z","null","null","null","199.0","null","null","35.0","0.75","proste podatne","#PM","włosy"
"308","Włosy Słowiańskie na taśmach mikro","Włosy Słowiańskie na taśmach mikro, 35, #PB","28","2019-07-22T08:01:47.035Z","2019-07-22T08:01:47.035Z","null","null","null","199.0","null","null","35.0","0.75","proste podatne","#PB","włosy"
"309","Włosy Słowiańskie na taśmach mikro","Włosy Słowiańskie na taśmach mikro, 45, #1","35","2019-07-22T08:01:47.044Z","2019-07-22T08:01:47.044Z","null","null","null","299.0","null","null","45.0","1","proste podatne","#1","włosy"
"310","Włosy Słowiańskie na taśmach mikro","Włosy Słowiańskie na taśmach mikro, 45, #1b","31","2019-07-22T08:01:47.052Z","2019-07-22T08:01:47.052Z","null","null","null","299.0","null","null","45.0","1","proste podatne","#1b","włosy"
"311","Włosy Słowiańskie na taśmach mikro","Włosy Słowiańskie na taśmach mikro, 45, #2","22","2019-07-22T08:01:47.061Z","2019-07-22T08:01:47.061Z","null","null","null","299.0","null","null","45.0","1","proste podatne","#2","włosy"
"312","Włosy Słowiańskie na taśmach mikro","Włosy Słowiańskie na taśmach mikro, 45, #4","8","2019-07-22T08:01:47.069Z","2019-07-22T08:01:47.069Z","null","null","null","299.0","null","null","45.0","1","proste podatne","#4","włosy"
"313","Włosy Słowiańskie na taśmach mikro","Włosy Słowiańskie na taśmach mikro, 45, #6","23","2019-07-22T08:01:47.078Z","2019-07-22T08:01:47.078Z","null","null","null","299.0","null","null","45.0","1","proste podatne","#6","włosy"
"314","Włosy Słowiańskie na taśmach mikro","Włosy Słowiańskie na taśmach mikro, 45, #8","25","2019-07-22T08:01:47.086Z","2019-07-22T08:01:47.086Z","null","null","null","299.0","null","null","45.0","1","proste podatne","#8","włosy"
"315","Włosy Słowiańskie na taśmach mikro","Włosy Słowiańskie na taśmach mikro, 45, #10","18","2019-07-22T08:01:47.094Z","2019-07-22T08:01:47.094Z","null","null","null","299.0","null","null","45.0","1","proste podatne","#10","włosy"
"316","Włosy Słowiańskie na taśmach mikro","Włosy Słowiańskie na taśmach mikro, 45, #12","20","2019-07-22T08:01:47.103Z","2019-07-22T08:01:47.103Z","null","null","null","299.0","null","null","45.0","1","proste podatne","#12","włosy"
"317","Włosy Słowiańskie na taśmach mikro","Włosy Słowiańskie na taśmach mikro, 45, #16","13","2019-07-22T08:01:47.111Z","2019-07-22T08:01:47.111Z","null","null","null","299.0","null","null","45.0","1","proste podatne","#16","włosy"
"318","Włosy Słowiańskie na taśmach mikro","Włosy Słowiańskie na taśmach mikro, 45, #18","35","2019-07-22T08:01:47.119Z","2019-07-22T08:01:47.119Z","null","null","null","299.0","null","null","45.0","1","proste podatne","#18","włosy"
"319","Włosy Słowiańskie na taśmach mikro","Włosy Słowiańskie na taśmach mikro, 45, #20","38","2019-07-22T08:01:47.128Z","2019-07-22T08:01:47.128Z","null","null","null","299.0","null","null","45.0","1","proste podatne","#20","włosy"
"320","Włosy Słowiańskie na taśmach mikro","Włosy Słowiańskie na taśmach mikro, 45, #18/22","14","2019-07-22T08:01:47.135Z","2019-07-22T08:01:47.135Z","null","null","null","299.0","null","null","45.0","1","proste podatne","#18/22","włosy"
"321","Włosy Słowiańskie na taśmach mikro","Włosy Słowiańskie na taśmach mikro, 45, #22","28","2019-07-22T08:01:47.144Z","2019-07-22T08:01:47.144Z","null","null","null","299.0","null","null","45.0","1","proste podatne","#22","włosy"
"322","Włosy Słowiańskie na taśmach mikro","Włosy Słowiańskie na taśmach mikro, 45, #24","14","2019-07-22T08:01:47.152Z","2019-07-22T08:01:47.152Z","null","null","null","299.0","null","null","45.0","1","proste podatne","#24","włosy"
"323","Włosy Słowiańskie na taśmach mikro","Włosy Słowiańskie na taśmach mikro, 45, #27","0","2019-07-22T08:01:47.161Z","2019-07-22T08:01:47.161Z","null","null","null","299.0","null","null","45.0","1","proste podatne","#27","włosy"
"324","Włosy Słowiańskie na taśmach mikro","Włosy Słowiańskie na taśmach mikro, 45, #613","38","2019-07-22T08:01:47.169Z","2019-07-22T08:01:47.169Z","null","null","null","299.0","null","null","45.0","1","proste podatne","#613","włosy"
"325","Włosy Słowiańskie na taśmach mikro","Włosy Słowiańskie na taśmach mikro, 45, #30","0","2019-07-22T08:01:47.177Z","2019-07-22T08:01:47.177Z","null","null","null","299.0","null","null","45.0","1","proste podatne","#30","włosy"
"326","Włosy Słowiańskie na taśmach mikro","Włosy Słowiańskie na taśmach mikro, 45, #33","0","2019-07-22T08:01:47.186Z","2019-07-22T08:01:47.186Z","null","null","null","299.0","null","null","45.0","1","proste podatne","#33","włosy"
"327","Włosy Słowiańskie na taśmach mikro","Włosy Słowiańskie na taśmach mikro, 45, #130","0","2019-07-22T08:01:47.194Z","2019-07-22T08:01:47.194Z","null","null","null","299.0","null","null","45.0","1","proste podatne","#130","włosy"
"328","Włosy Słowiańskie na taśmach mikro","Włosy Słowiańskie na taśmach mikro, 45, #60","13","2019-07-22T08:01:47.218Z","2019-07-22T08:01:47.218Z","null","null","null","299.0","null","null","45.0","1","proste podatne","#60","włosy"
"329","Włosy Słowiańskie na taśmach mikro","Włosy Słowiańskie na taśmach mikro, 45, #PM","20","2019-07-22T08:01:47.228Z","2019-07-22T08:01:47.228Z","null","null","null","299.0","null","null","45.0","1","proste podatne","#PM","włosy"
"330","Włosy Słowiańskie na taśmach mikro","Włosy Słowiańskie na taśmach mikro, 45, #PB","20","2019-07-22T08:01:47.236Z","2019-07-22T08:01:47.236Z","null","null","null","299.0","null","null","45.0","1","proste podatne","#PB","włosy"
"331","Włosy Słowiańskie na taśmach mikro","Włosy Słowiańskie na taśmach mikro, 55, #1","32","2019-07-22T08:01:47.244Z","2019-07-22T08:01:47.244Z","null","null","null","399.0","null","null","55.0","1.25","proste podatne","#1","włosy"
"332","Włosy Słowiańskie na taśmach mikro","Włosy Słowiańskie na taśmach mikro, 55, #1b","35","2019-07-22T08:01:47.252Z","2019-07-22T08:01:47.252Z","null","null","null","399.0","null","null","55.0","1.25","proste podatne","#1b","włosy"
"333","Włosy Słowiańskie na taśmach mikro","Włosy Słowiańskie na taśmach mikro, 55, #2","8","2019-07-22T08:01:47.261Z","2019-07-22T08:01:47.261Z","null","null","null","399.0","null","null","55.0","1.25","proste podatne","#2","włosy"
"334","Włosy Słowiańskie na taśmach mikro","Włosy Słowiańskie na taśmach mikro, 55, #4","8","2019-07-22T08:01:47.269Z","2019-07-22T08:01:47.269Z","null","null","null","399.0","null","null","55.0","1.25","proste podatne","#4","włosy"
"335","Włosy Słowiańskie na taśmach mikro","Włosy Słowiańskie na taśmach mikro, 55, #6","12","2019-07-22T08:01:47.278Z","2019-07-22T08:01:47.278Z","null","null","null","399.0","null","null","55.0","1.25","proste podatne","#6","włosy"
"336","Włosy Słowiańskie na taśmach mikro","Włosy Słowiańskie na taśmach mikro, 55, #8","17","2019-07-22T08:01:47.286Z","2019-07-22T08:01:47.286Z","null","null","null","399.0","null","null","55.0","1.25","proste podatne","#8","włosy"
"337","Włosy Słowiańskie na taśmach mikro","Włosy Słowiańskie na taśmach mikro, 55, #10","9","2019-07-22T08:01:47.295Z","2019-07-22T08:01:47.295Z","null","null","null","399.0","null","null","55.0","1.25","proste podatne","#10","włosy"
"338","Włosy Słowiańskie na taśmach mikro","Włosy Słowiańskie na taśmach mikro, 55, #12","10","2019-07-22T08:01:47.302Z","2019-07-22T08:01:47.302Z","null","null","null","399.0","null","null","55.0","1.25","proste podatne","#12","włosy"
"339","Włosy Słowiańskie na taśmach mikro","Włosy Słowiańskie na taśmach mikro, 55, #16","18","2019-07-22T08:01:47.311Z","2019-07-22T08:01:47.311Z","null","null","null","399.0","null","null","55.0","1.25","proste podatne","#16","włosy"
"340","Włosy Słowiańskie na taśmach mikro","Włosy Słowiańskie na taśmach mikro, 55, #18","35","2019-07-22T08:01:47.319Z","2019-07-22T08:01:47.319Z","null","null","null","399.0","null","null","55.0","1.25","proste podatne","#18","włosy"
"341","Włosy Słowiańskie na taśmach mikro","Włosy Słowiańskie na taśmach mikro, 55, #20","34","2019-07-22T08:01:47.328Z","2019-07-22T08:01:47.328Z","null","null","null","399.0","null","null","55.0","1.25","proste podatne","#20","włosy"
"342","Włosy Słowiańskie na taśmach mikro","Włosy Słowiańskie na taśmach mikro, 55, #18/22","13","2019-07-22T08:01:47.336Z","2019-07-22T08:01:47.336Z","null","null","null","399.0","null","null","55.0","1.25","proste podatne","#18/22","włosy"
"343","Włosy Słowiańskie na taśmach mikro","Włosy Słowiańskie na taśmach mikro, 55, #22","38","2019-07-22T08:01:47.345Z","2019-07-22T08:01:47.345Z","null","null","null","399.0","null","null","55.0","1.25","proste podatne","#22","włosy"
"344","Włosy Słowiańskie na taśmach mikro","Włosy Słowiańskie na taśmach mikro, 55, #24","16","2019-07-22T08:01:47.352Z","2019-07-22T08:01:47.352Z","null","null","null","399.0","null","null","55.0","1.25","proste podatne","#24","włosy"
"345","Włosy Słowiańskie na taśmach mikro","Włosy Słowiańskie na taśmach mikro, 55, #27","0","2019-07-22T08:01:47.361Z","2019-07-22T08:01:47.361Z","null","null","null","399.0","null","null","55.0","1.25","proste podatne","#27","włosy"
"346","Włosy Słowiańskie na taśmach mikro","Włosy Słowiańskie na taśmach mikro, 55, #613","11","2019-07-22T08:01:47.369Z","2019-07-22T08:01:47.369Z","null","null","null","399.0","null","null","55.0","1.25","proste podatne","#613","włosy"
"347","Włosy Słowiańskie na taśmach mikro","Włosy Słowiańskie na taśmach mikro, 55, #30","0","2019-07-22T08:01:47.378Z","2019-07-22T08:01:47.378Z","null","null","null","399.0","null","null","55.0","1.25","proste podatne","#30","włosy"
"348","Włosy Słowiańskie na taśmach mikro","Włosy Słowiańskie na taśmach mikro, 55, #33","0","2019-07-22T08:01:47.385Z","2019-07-22T08:01:47.385Z","null","null","null","399.0","null","null","55.0","1.25","proste podatne","#33","włosy"
"349","Włosy Słowiańskie na taśmach mikro","Włosy Słowiańskie na taśmach mikro, 55, #130","0","2019-07-22T08:01:47.395Z","2019-07-22T08:01:47.395Z","null","null","null","399.0","null","null","55.0","1.25","proste podatne","#130","włosy"
"350","Włosy Słowiańskie na taśmach mikro","Włosy Słowiańskie na taśmach mikro, 55, #60","10","2019-07-22T08:01:47.403Z","2019-07-22T08:01:47.403Z","null","null","null","399.0","null","null","55.0","1.25","proste podatne","#60","włosy"
"351","Włosy Słowiańskie na taśmach mikro","Włosy Słowiańskie na taśmach mikro, 55, #PM","29","2019-07-22T08:01:47.411Z","2019-07-22T08:01:47.411Z","null","null","null","399.0","null","null","55.0","1.25","proste podatne","#PM","włosy"
"352","Włosy Słowiańskie na taśmach mikro","Włosy Słowiańskie na taśmach mikro, 55, #PB","30","2019-07-22T08:01:47.419Z","2019-07-22T08:01:47.419Z","null","null","null","399.0","null","null","55.0","1.25","proste podatne","#PB","włosy"
"354","Szampon techniczny Beauty for You","Szampon techniczny 500ml Beauty for You","369","2019-07-22T08:10:02.340Z","2019-07-22T08:10:02.340Z","null","null","null","129.0","null","null","null","null","null","null","kosmetyki"
"355","Odżywka Beauty for You","Odżywka 350 ml Beauty for You","1244","2019-07-22T08:10:02.349Z","2019-07-22T08:10:02.349Z","null","null","null","49.0","null","null","null","null","null","null","kosmetyki"
"356","Spray ochronny Beauty for You","Spray ochronny 150 ml Beauty for You","141","2019-07-22T08:10:02.358Z","2019-07-22T08:10:02.358Z","null","null","null","19.0","null","null","null","null","null","null","kosmetyki"
"362","Szampon głęboko oczyszczający Balmain","Szampon głęboko oczyszczający Balmain 1000ml","2","2019-07-22T08:10:45.337Z","2019-07-22T08:10:45.337Z","null","null","null","121.0","null","null","null","null","null","null","kosmetyki"
"363","Szampon Balmain","Szampon Balmain 250ml","0","2019-07-22T08:10:45.349Z","2019-07-22T08:10:45.349Z","null","null","null","60.0","null","null","null","null","null","null","kosmetyki"
"364","Odżywka Balmain","Odżywka Balmain 250ml","4","2019-07-22T08:10:45.357Z","2019-07-22T08:10:45.357Z","null","null","null","60.0","null","null","null","null","null","null","kosmetyki"
"365","Spray Balmain","Spray Balmain","5","2019-07-22T08:10:45.366Z","2019-07-22T08:10:45.366Z","null","null","null","49.0","null","null","null","null","null","null","kosmetyki"
"366","Zgrzewarka do keratyny","Zgrzewarka do keratyny – biała","6","2019-07-22T08:21:56.009Z","2019-07-22T08:21:56.009Z","null","null","null","80.0","null","null","null","null","null","biała","urządzenia"
"367","Zgrzewarka do keratyny","Zgrzewarka do keratyny – kolorowa","4","2019-07-22T08:21:56.025Z","2019-07-22T08:21:56.025Z","null","null","null","161.0","null","null","null","null","null","kolorowa","urządzenia"
"368","Wkład do Laser Extend","Wkład do Laser Extend","46","2019-07-22T08:21:56.034Z","2019-07-22T08:21:56.034Z","null","null","null","199.0","null","null","null","null","null","null","urządzenia"
"369","Ultradźwięki Basic","Ultradźwięki Basic","8","2019-07-22T08:21:56.042Z","2019-07-22T08:21:56.042Z","null","null","null","1299.0","null","null","null","null","null","null","urządzenia"
"370","Ultradźwięki Premium","Ultradźwięki Premium","1","2019-07-22T08:21:56.051Z","2019-07-22T08:21:56.051Z","null","null","null","3975.0","null","null","null","null","null","null","urządzenia"
"371","Ultradźwięki Premium Plus","Ultradźwięki Premium Plus","4","2019-07-22T08:21:56.059Z","2019-07-22T08:21:56.059Z","null","null","null","6450.0","null","null","null","null","null","null","urządzenia"
"372","Bezprzewodowa Mini Prostownica","Bezprzewodowa Mini Prostownica","7","2019-07-22T08:21:56.067Z","2019-07-22T08:21:56.067Z","null","null","null","203.0","null","null","null","null","null","null","urządzenia"
"373","Ceramiczna Mini Prostownica","Ceramiczna Mini Prostownica","1","2019-07-22T08:21:56.075Z","2019-07-22T08:21:56.075Z","null","null","null","40.0","null","null","null","null","null","null","urządzenia"
"374","Laserowa Szczotka do włosów","Laserowa Szczotka do włosów","1","2019-07-22T08:21:56.084Z","2019-07-22T08:21:56.084Z","null","null","null","723.0","null","null","null","null","null","null","urządzenia"
"375","Infralight","Infralight","0","2019-07-22T08:21:56.092Z","2019-07-22T08:21:56.092Z","null","null","null","12000.0","null","null","null","null","null","null","urządzenia"
"376","Laser Extend","Laser Extend","35","2019-07-22T08:21:56.100Z","2019-07-22T08:21:56.100Z","null","null","null","6450.0","null","null","null","null","null","null","urządzenia"
"377","Balmain Quick Remover","Balmain Quick Remover","1","2019-07-22T08:21:56.108Z","2019-07-22T08:21:56.108Z","null","null","null","1335.0","null","null","null","null","null","null","urządzenia"
"378","Plug & Play Zgrzewarka Balmain","Plug & Play Zgrzewarka Balmain","1","2019-07-22T08:21:56.117Z","2019-07-22T08:21:56.117Z","null","null","null","569.0","null","null","null","null","null","null","urządzenia"
"379","Tricho-Cam@Wi-Fi","Tricho-Cam@Wi-Fi","0","2019-07-22T08:22:03.855Z","2019-07-22T08:22:03.855Z","null","null","null","3490.0","null","null","null","null","null","null","urządzenia"
"380","Tricho-Cam@UV","Tricho-Cam@UV","12","2019-07-22T08:22:03.868Z","2019-07-22T08:22:03.868Z","null","null","null","3250.0","null","null","null","null","null","null","urządzenia"
"381","Tricho-Cam@HD Pro","Tricho-Cam@HD Pro","0","2019-07-22T08:22:03.875Z","2019-07-22T08:22:03.875Z","null","null","null","9756.0","null","null","null","null","null","null","urządzenia"
"382","Tricho-Cam@Tab","Tricho-Cam@Tab","0","2019-07-22T08:22:03.884Z","2019-07-22T08:22:03.884Z","null","null","null","4877.0","null","null","null","null","null","null","urządzenia"
"383","Tricho-Cam@Wi-Fi X200","Tricho-Cam@Wi-Fi X200","0","2019-07-22T08:22:03.892Z","2019-07-22T08:22:03.892Z","null","null","null","3490.0","null","null","null","null","null","null","urządzenia"
"384","Tricho-Cam@Wi-Fi X500","Tricho-Cam@Wi-Fi X500","0","2019-07-22T08:22:03.900Z","2019-07-22T08:22:03.900Z","null","null","null","3900.0","null","null","null","null","null","null","urządzenia"
"385","Kombajn do analizy","Kombajn do analizy","0","2019-07-22T08:22:03.908Z","2019-07-22T08:22:03.908Z","null","null","null","20000.0","null","null","null","null","null","null","urządzenia"
"386","Tricho-Cam@UV","Tricho-Cam@UV serwisowa","1","2019-07-22T08:22:03.917Z","2019-07-22T08:22:03.917Z","null","null","null","3250.0","null","null","null","null","null","null","urządzenia"
"353","Szampon Beauty for You","Szampon 140ml Beauty for You","4456","2019-07-22T08:10:02.325Z","2019-07-22T08:31:24.661Z","null","null","null","49.0","null","null","null","null","null","null","kosmetyki"
"361","Activ remover","Remover do taśm ACTIV","74","2019-07-22T08:10:02.400Z","2019-07-22T08:34:11.114Z","null","null","null","32.0","null","null","null","null","null","null","kosmetyki"
"387","Łuski keratynowe","Łuski keratynowe – 30 sztuk","0","2019-07-22T08:35:18.963Z","2019-07-22T08:35:18.963Z","null","null","null","20.0","null","null","null","null","null","null","akcesoria"
"388","Taśmy rebondingowe Beauty for You","Taśmy rebondingowe Beauty for You","936","2019-07-22T08:35:18.980Z","2019-07-22T08:35:18.980Z","null","null","null","32.0","null","null","null","null","null","null","akcesoria"
"389","Taśmy rebondingowe Balmain","Taśmy rebondingowe Balmain","0","2019-07-22T08:35:18.989Z","2019-07-22T08:35:18.989Z","null","null","null","66.0","null","null","null","null","null","null","akcesoria"
"390","Łuski keratynowe Micro Plusbonds Balmain","Łuski keratynowe Micro Plusbonds Balmain","0","2019-07-22T08:35:18.997Z","2019-07-22T08:35:18.997Z","null","null","null","34.0","null","null","null","null","null","null","akcesoria"
"391","Keratyna twarda","Keratyna twarda 10g","451","2019-07-22T08:35:19.005Z","2019-07-22T08:35:19.005Z","null","null","null","19.0","null","null","null","null","null","null","akcesoria"
"392","Kerawax","Kerawax","192","2019-07-22T08:35:19.013Z","2019-07-22T08:35:19.013Z","null","null","null","99.0","null","null","null","null","null","null","akcesoria"
"393","Mała czarna szczotka Beauty for You","Mała czarna szczotka Beauty for You","188","2019-07-22T08:35:31.396Z","2019-07-22T08:35:31.396Z","null","null","null","16.0","null","null","null","null","null","null","akcesoria"
"394","Kartacz","Kartacz","43","2019-07-22T08:35:31.414Z","2019-07-22T08:35:31.414Z","null","null","null","161.0","null","null","null","null","null","null","akcesoria"
"395","Szczotka prostująca","Szczotka prostująca","34","2019-07-22T08:35:31.422Z","2019-07-22T08:35:31.422Z","null","null","null","161.0","null","null","null","null","null","null","akcesoria"
"396","Grzebień ze szpikulcem","Grzebień ze szpikulcem","666","2019-07-22T08:35:31.430Z","2019-07-22T08:35:31.430Z","null","null","null","5.0","null","null","null","null","null","null","akcesoria"
"397","Laserowa szczotka do włosów","Laserowa szczotka do włosów","0","2019-07-22T08:35:31.438Z","2019-07-22T08:35:31.438Z","null","null","null","660.0","null","null","null","null","null","null","akcesoria"
"398","Szczotka owalna Balmain","Szczotka owalna Balmain","3","2019-07-22T08:35:31.447Z","2019-07-22T08:35:31.447Z","null","null","null","56.0","null","null","null","null","null","null","akcesoria"
"399","Szczotka owalna Balmain","Szczotka owalna Balmain – bez opakowania","3","2019-07-22T08:35:31.455Z","2019-07-22T08:35:31.455Z","null","null","null","56.0","null","null","null","null","null","null","akcesoria"
"400","Szczotka Great Lenghts","Szczotka Great Lenghts","3","2019-07-22T08:35:31.463Z","2019-07-22T08:35:31.463Z","null","null","null","115.0","null","null","null","null","null","null","akcesoria"
"401","Cążki gumowe do formowania kerawaxu","Cążki gumowe do formowania kerawaxu","28","2019-07-22T08:35:43.182Z","2019-07-22T08:35:43.182Z","null","null","null","48.0","null","null","null","null","null","null","akcesoria"
"402","Cążki metalowe do formowania kerawaxu","Cążki metalowe do formowania kerawaxu","85","2019-07-22T08:35:43.197Z","2019-07-22T08:35:43.197Z","null","null","null","121.0","null","null","null","null","null","null","akcesoria"
"403","Cążki do obcinania końcówek","Cążki do obcinania końcówek","228","2019-07-22T08:35:43.205Z","2019-07-22T08:35:43.205Z","null","null","null","65.0","null","null","null","null","null","null","akcesoria"
"404","Cążki do zaciskania mikroringów i tulejek","Cążki do zaciskania mikroringów i tulejek – żółto, niebieskie","50","2019-07-22T08:35:43.213Z","2019-07-22T08:35:43.213Z","null","null","null","9.0","null","null","null","null","null","null","akcesoria"
"405","Cążki do przedłużania włosów","Cążki do przedłużania włosów – pomarańczowo, niebieskie","2","2019-07-22T08:35:43.221Z","2019-07-22T08:35:43.221Z","null","null","null","19.0","null","null","null","null","null","null","akcesoria"
"406","Cążki do zaciskania i otwierania mikroringów","Cążki do zaciskania i otwierania mikroringów – czerwono, niebieskie","30","2019-07-22T08:35:43.229Z","2019-07-22T08:35:43.229Z","null","null","null","14.0","null","null","null","null","null","null","akcesoria"
"407","Cążki gumowe do formowania keratyny","Cążki gumowe do formowania keratyny","23","2019-07-22T08:35:43.238Z","2019-07-22T08:35:43.238Z","null","null","null","48.0","null","null","null","null","null","null","akcesoria"
"408","Cążki metalowe do formowania keratyny","Cążki metalowe do formowania keratyny","26","2019-07-22T08:35:43.246Z","2019-07-22T08:35:43.246Z","null","null","null","121.0","null","null","null","null","null","null","akcesoria"
"409","Cążki do zakładania i ściągania tulejek","Cążki do zakładania i ściągania tulejek","3","2019-07-22T08:35:43.255Z","2019-07-22T08:35:43.255Z","null","null","null","150.0","null","null","null","null","null","null","akcesoria"
"410","Cążki do zakładania ringów, tulejek","Cążki do zakładania ringów, tulejek","231","2019-07-22T08:35:43.263Z","2019-07-22T08:35:43.263Z","null","null","null","16.0","null","null","null","null","null","null","akcesoria"
"411","Cążki Balmain","Cążki Balmain","1","2019-07-22T08:35:43.272Z","2019-07-22T08:35:43.272Z","null","null","null","110.0","null","null","null","null","null","null","akcesoria"
"412","Mikroringi z silikonem","Mikroringi z silikonem, M, jasny blond","0","2019-07-22T08:35:52.871Z","2019-07-22T08:35:52.871Z","null","null","null","12.0","null","null","null","null","null","jasny blond","akcesoria"
"413","Mikroringi z silikonem","Mikroringi z silikonem, M, blond","0","2019-07-22T08:35:52.888Z","2019-07-22T08:35:52.888Z","null","null","null","12.0","null","null","null","null","null","blond","akcesoria"
"414","Mikroringi z silikonem","Mikroringi z silikonem, M, ciemny blond","0","2019-07-22T08:35:52.896Z","2019-07-22T08:35:52.896Z","null","null","null","12.0","null","null","null","null","null","ciemny blond","akcesoria"
"415","Mikroringi z silikonem","Mikroringi z silikonem, M, jasny brąz","0","2019-07-22T08:35:52.905Z","2019-07-22T08:35:52.905Z","null","null","null","12.0","null","null","null","null","null","jasny brąz","akcesoria"
"416","Mikroringi z silikonem","Mikroringi z silikonem, M, średni brąz","0","2019-07-22T08:35:52.913Z","2019-07-22T08:35:52.913Z","null","null","null","12.0","null","null","null","null","null","średni brąz","akcesoria"
"417","Mikroringi z silikonem","Mikroringi z silikonem, M, ciemny brąz","0","2019-07-22T08:35:52.921Z","2019-07-22T08:35:52.921Z","null","null","null","12.0","null","null","null","null","null","ciemny brąz","akcesoria"
"418","Mikroringi z silikonem","Mikroringi z silikonem, M, czarny","0","2019-07-22T08:35:52.929Z","2019-07-22T08:35:52.929Z","null","null","null","12.0","null","null","null","null","null","czarny","akcesoria"
"419","Mikroringi z silikonem","Mikroringi z silikonem, M, pomarańczowy","0","2019-07-22T08:35:52.938Z","2019-07-22T08:35:52.938Z","null","null","null","12.0","null","null","null","null","null","pomarańczowy","akcesoria"
"420","Mikroringi z silikonem","Mikroringi z silikonem, L, jasny blond","0","2019-07-22T08:35:52.946Z","2019-07-22T08:35:52.946Z","null","null","null","12.0","null","null","null","null","null","jasny blond","akcesoria"
"421","Mikroringi z silikonem","Mikroringi z silikonem, L, blond","0","2019-07-22T08:35:52.954Z","2019-07-22T08:35:52.954Z","null","null","null","12.0","null","null","null","null","null","blond","akcesoria"
"422","Mikroringi z silikonem","Mikroringi z silikonem, L, ciemny blond","0","2019-07-22T08:35:52.962Z","2019-07-22T08:35:52.962Z","null","null","null","12.0","null","null","null","null","null","ciemny blond","akcesoria"
"423","Mikroringi z silikonem","Mikroringi z silikonem, L, jasny brąz","0","2019-07-22T08:35:52.971Z","2019-07-22T08:35:52.971Z","null","null","null","12.0","null","null","null","null","null","jasny brąz","akcesoria"
"424","Mikroringi z silikonem","Mikroringi z silikonem, L, średni brąz","0","2019-07-22T08:35:52.979Z","2019-07-22T08:35:52.979Z","null","null","null","12.0","null","null","null","null","null","średni brąz","akcesoria"
"425","Mikroringi z silikonem","Mikroringi z silikonem, L, ciemny brąz","0","2019-07-22T08:35:52.988Z","2019-07-22T08:35:52.988Z","null","null","null","12.0","null","null","null","null","null","ciemny brąz","akcesoria"
"426","Mikroringi z silikonem","Mikroringi z silikonem, L, czarny","0","2019-07-22T08:35:52.996Z","2019-07-22T08:35:52.996Z","null","null","null","12.0","null","null","null","null","null","czarny","akcesoria"
"427","Mikroringi z silikonem","Mikroringi z silikonem, L, pomarańczowy","0","2019-07-22T08:35:53.004Z","2019-07-22T08:35:53.004Z","null","null","null","12.0","null","null","null","null","null","pomarańczowy","akcesoria"
"428","Mikroringi z gwintem","Mikroringi z gwintem, M, jasny blond","0","2019-07-22T08:35:53.013Z","2019-07-22T08:35:53.013Z","null","null","null","9.0","null","null","null","null","null","jasny blond","akcesoria"
"429","Mikroringi z gwintem","Mikroringi z gwintem, M, blond","0","2019-07-22T08:35:53.021Z","2019-07-22T08:35:53.021Z","null","null","null","9.0","null","null","null","null","null","blond","akcesoria"
"430","Mikroringi z gwintem","Mikroringi z gwintem, M, ciemny blond","0","2019-07-22T08:35:53.029Z","2019-07-22T08:35:53.029Z","null","null","null","9.0","null","null","null","null","null","ciemny blond","akcesoria"
"431","Mikroringi z gwintem","Mikroringi z gwintem, M, jasny brąz","0","2019-07-22T08:35:53.038Z","2019-07-22T08:35:53.038Z","null","null","null","9.0","null","null","null","null","null","jasny brąz","akcesoria"
"432","Mikroringi z gwintem","Mikroringi z gwintem, M, średni brąz","0","2019-07-22T08:35:53.046Z","2019-07-22T08:35:53.046Z","null","null","null","9.0","null","null","null","null","null","średni brąz","akcesoria"
"433","Mikroringi z gwintem","Mikroringi z gwintem, M, ciemny brąz","0","2019-07-22T08:35:53.054Z","2019-07-22T08:35:53.054Z","null","null","null","9.0","null","null","null","null","null","ciemny brąz","akcesoria"
"434","Mikroringi z gwintem","Mikroringi z gwintem, M, czarny","0","2019-07-22T08:35:53.062Z","2019-07-22T08:35:53.062Z","null","null","null","9.0","null","null","null","null","null","czarny","akcesoria"
"435","Mikroringi z gwintem","Mikroringi z gwintem, M, pomarańczowy","0","2019-07-22T08:35:53.070Z","2019-07-22T08:35:53.070Z","null","null","null","9.0","null","null","null","null","null","pomarańczowy","akcesoria"
"436","Mikroringi z gwintem","Mikroringi z gwintem, L, jasny blond","0","2019-07-22T08:35:53.079Z","2019-07-22T08:35:53.079Z","null","null","null","9.0","null","null","null","null","null","jasny blond","akcesoria"
"437","Mikroringi z gwintem","Mikroringi z gwintem, L, blond","0","2019-07-22T08:35:53.087Z","2019-07-22T08:35:53.087Z","null","null","null","9.0","null","null","null","null","null","blond","akcesoria"
"438","Mikroringi z gwintem","Mikroringi z gwintem, L, ciemny blond","0","2019-07-22T08:35:53.096Z","2019-07-22T08:35:53.096Z","null","null","null","9.0","null","null","null","null","null","ciemny blond","akcesoria"
"439","Mikroringi z gwintem","Mikroringi z gwintem, L, jasny brąz","0","2019-07-22T08:35:53.104Z","2019-07-22T08:35:53.104Z","null","null","null","9.0","null","null","null","null","null","jasny brąz","akcesoria"
"440","Mikroringi z gwintem","Mikroringi z gwintem, L, średni brąz","0","2019-07-22T08:35:53.113Z","2019-07-22T08:35:53.113Z","null","null","null","9.0","null","null","null","null","null","średni brąz","akcesoria"
"441","Mikroringi z gwintem","Mikroringi z gwintem, L, ciemny brąz","0","2019-07-22T08:35:53.121Z","2019-07-22T08:35:53.121Z","null","null","null","9.0","null","null","null","null","null","ciemny brąz","akcesoria"
"442","Mikroringi z gwintem","Mikroringi z gwintem, L, czarny","0","2019-07-22T08:35:53.129Z","2019-07-22T08:35:53.129Z","null","null","null","9.0","null","null","null","null","null","czarny","akcesoria"
"443","Mikroringi z gwintem","Mikroringi z gwintem, L, pomarańczowy","0","2019-07-22T08:35:53.138Z","2019-07-22T08:35:53.138Z","null","null","null","9.0","null","null","null","null","null","pomarańczowy","akcesoria"
"444","Tulejki proste ","Tulejki proste jasny blond","0","2019-07-22T08:36:00.250Z","2019-07-22T08:36:00.250Z","null","null","null","9.0","null","null","null","null","null","jasny blond","akcesoria"
"445","Tulejki proste ","Tulejki proste beżowy blond","0","2019-07-22T08:36:00.263Z","2019-07-22T08:36:00.263Z","null","null","null","9.0","null","null","null","null","null","beżowy blond","akcesoria"
"446","Tulejki proste ","Tulejki proste ciemny blond","0","2019-07-22T08:36:00.271Z","2019-07-22T08:36:00.271Z","null","null","null","9.0","null","null","null","null","null","ciemny blond","akcesoria"
"447","Tulejki proste ","Tulejki proste brąz","0","2019-07-22T08:36:00.279Z","2019-07-22T08:36:00.279Z","null","null","null","9.0","null","null","null","null","null","brąz","akcesoria"
"448","Tulejki proste ","Tulejki proste ciemny brąz","0","2019-07-22T08:36:00.287Z","2019-07-22T08:36:00.287Z","null","null","null","9.0","null","null","null","null","null","ciemny brąz","akcesoria"
"449","Tulejki proste ","Tulejki proste bardzo ciemny brąz","0","2019-07-22T08:36:00.296Z","2019-07-22T08:36:00.296Z","null","null","null","9.0","null","null","null","null","null","bardzo ciemny brąz","akcesoria"
"450","Tulejki proste ","Tulejki proste czarne","0","2019-07-22T08:36:00.304Z","2019-07-22T08:36:00.304Z","null","null","null","9.0","null","null","null","null","null","czarne","akcesoria"
"451","Tulejki termokurczliwe","Tulejki termokurczliwe czarne","0","2019-07-22T08:36:00.312Z","2019-07-22T08:36:00.312Z","null","null","null","8.0","null","null","null","null","null","czarne","akcesoria"
"452","Tulejki termokurczliwe","Tulejki termokurczliwe przezroczyste","0","2019-07-22T08:36:00.321Z","2019-07-22T08:36:00.321Z","null","null","null","8.0","null","null","null","null","null","przezroczyste","akcesoria"
"453","Klipsy krokodylki","Klipsy krokodylki","94","2019-07-22T08:36:06.453Z","2019-07-22T08:36:06.453Z","null","null","null","40.0","null","null","null","null","null","null","akcesoria"
"454","Małe klipsy metalowe","Małe klipsy metalowe","227","2019-07-22T08:36:06.471Z","2019-07-22T08:36:06.471Z","null","null","null","1.0","null","null","null","null","null","null","akcesoria"
"455","Uchwyt do kartaczy","Uchwyt do kartaczy","10","2019-07-22T08:36:06.479Z","2019-07-22T08:36:06.479Z","null","null","null","8.0","null","null","null","null","null","null","akcesoria"
"456","Peleryna fryzjerska","Peleryna fryzjerska","34","2019-07-22T08:36:06.487Z","2019-07-22T08:36:06.487Z","null","null","null","35.0","null","null","null","null","null","null","akcesoria"
"457","Separator na włosy","Separator na włosy biały","12","2019-07-22T08:36:06.495Z","2019-07-22T08:36:06.495Z","null","null","null","25.0","null","null","null","null","null","biały","akcesoria"
"458","Separator do przedłużania włosów","Separator do przedłużania włosów niebieski","92","2019-07-22T08:36:06.505Z","2019-07-22T08:36:06.505Z","null","null","null","9.0","null","null","null","null","null","niebieski","akcesoria"
"459","Klipsy do włosów","Klipsy do włosów 4 sztuki","21","2019-07-22T08:36:06.512Z","2019-07-22T08:36:06.512Z","null","null","null","12.0","null","null","null","null","null","null","akcesoria"
"460","Klipsy do włosów","Klipsy do włosów 6 sztuk","78","2019-07-22T08:36:06.539Z","2019-07-22T08:36:06.539Z","null","null","null","4.0","null","null","null","null","null","null","akcesoria"
"461","Szydełko drewniane","Szydełko drewniane","12","2019-07-22T08:36:06.546Z","2019-07-22T08:36:06.546Z","null","null","null","6.0","null","null","null","null","null","null","akcesoria"
"462","Szydełko złote","Szydełko złote","16","2019-07-22T08:36:06.554Z","2019-07-22T08:36:06.554Z","null","null","null","19.0","null","null","null","null","null","null","akcesoria"
"463","Podkładka szablon ochronny","Podkładka szablon ochronny","3839","2019-07-22T08:36:06.562Z","2019-07-22T08:36:06.562Z","null","null","null","0.0","null","null","null","null","null","null","akcesoria"
"464","Statyw mały","Statyk mały na główki fryzjerskie","120","2019-07-22T08:36:06.571Z","2019-07-22T08:36:06.571Z","null","null","null","19.0","null","null","null","null","null","null","akcesoria"
"465","Główka treningowa","Główka treningowa","57","2019-07-22T08:36:06.579Z","2019-07-22T08:36:06.579Z","null","null","null","99.0","null","null","null","null","null","null","akcesoria"
